floor,count_floors,rooms,square,district,price
8,17,1,36.2,1,20000000
11,12,1,61.3,1,41200000
2,5,2,105.0,1,146000000
3,3,2,90.3,1,45800000
6,12,2,100.0,1,53500000
4,6,2,156.0,1,85100000
4,8,2,69.0,1,62600000
2,5,2,103.0,1,143200000
8,12,2,48.0,1,25700000
4,8,2,65.0,1,36200000
7,12,2,98.6,1,59800000
5,5,2,42.0,1,21400000
10,12,2,78.0,1,41700000
1,13,2,50.0,1,33900000
4,8,2,65.0,1,36200000
5,6,2,78.1,1,56300000
3,4,4,142.0,1,67200000
7,8,4,200.0,1,112000000
8,8,4,200.5,1,119500000
6,7,4,185.0,1,98300000
7,24,4,205.0,1,153200000
3,10,4,149.0,1,166400000
3,13,4,110.4,1,97500000
5,8,4,178.2,1,453600000
5,5,4,127.5,1,61100000
4,6,4,192.0,1,100300000
3,7,4,183.0,1,141800000
6,6,4,212.0,1,187300000
10,10,4,212.0,1,201600000
5,12,4,157.3,1,108100000
6,8,4,160.0,1,105400000
7,13,4,192.0,1,117600000
4,6,4,87.2,1,43700000
6,8,4,90.0,1,50600000
1,4,4,100.0,1,52600000
9,9,4,104.8,1,47100000
6,12,4,115.0,1,64900000
6,13,4,151.0,1,73800000
4,6,4,192.0,1,100300000
14,14,4,151.5,1,114200000
9,10,3,100.0,1,86200000
2,7,3,108.0,1,51000000
3,10,3,110.4,1,94500000
8,12,3,77.3,1,39300000
5,6,3,124.0,1,65500000
4,7,3,108.0,1,83200000
2,4,3,160.1,1,99000000
3,10,3,172.5,1,182400000
4,6,3,138.0,1,128300000
9,9,3,68.0,1,34200000
5,5,3,73.4,1,35500000
3,6,3,78.0,1,68700000
5,6,3,78.1,1,62000000
3,4,3,110.4,1,94500000
3,4,3,188.5,1,127200000
5,5,3,125.7,1,60100000
3,10,3,173.6,1,169700000
5,6,3,78.1,1,65400000
3,11,3,110.4,1,94500000
2,4,3,87.1,1,53500000
3,5,3,110.0,1,57000000
3,13,3,149.2,1,69600000
7,12,3,170.0,1,86500000
7,13,3,110.0,1,116300000
9,9,3,70.0,1,32000000
2,7,3,69.3,1,32200000
9,10,3,100.0,1,86200000
2,7,3,108.0,1,51000000
3,10,3,110.4,1,94500000
8,12,3,77.3,1,39300000
5,6,3,124.0,1,65500000
4,7,3,108.0,1,83200000
2,4,3,160.1,1,99000000
3,10,3,172.5,1,182400000
4,6,3,138.0,1,128300000
9,9,3,68.0,1,34200000
5,5,3,73.4,1,35500000
3,6,3,78.0,1,68700000
5,6,3,78.1,1,62000000
3,4,3,110.4,1,94500000
3,4,3,188.5,1,127200000
5,5,3,125.7,1,60100000
3,10,3,173.6,1,169700000
5,6,3,78.1,1,65400000
3,11,3,110.4,1,94500000
2,4,3,87.1,1,53500000
3,5,3,110.0,1,57000000
3,13,3,149.2,1,69600000
7,12,3,170.0,1,86500000
7,13,3,110.0,1,116300000
9,9,3,70.0,1,32000000
2,5,2,105.0,1,146000000
3,3,2,90.3,1,45800000
6,12,2,100.0,1,53500000
4,6,2,156.0,1,85100000
4,8,2,69.0,1,62600000
2,5,2,103.0,1,143200000
8,12,2,48.0,1,25700000
4,8,2,65.0,1,36200000
7,12,2,98.6,1,59800000
5,5,2,42.0,1,21400000
10,12,2,78.0,1,41700000
1,13,2,50.0,1,33900000
4,8,2,65.0,1,36200000
5,6,2,78.1,1,56300000
5,11,2,69.1,1,39500000
8,9,2,55.7,1,32300000
3,16,1,34.8,2,12600000
4,9,1,50.9,2,32100000
11,25,1,33.4,2,11600000
7,16,1,34.3,2,11800000
21,25,1,33.0,2,11000000
1,5,1,20.0,2,6600000
22,25,1,33.0,2,11500000
12,28,2,121.68,2,53000000
6,9,2,58.6,2,33700000
12,31,2,61.3,2,25800000
3,5,2,56.5,2,16200000
7,14,4,190.5,2,64200000
12,13,4,192.5,2,64900000
12,16,4,140.0,2,42300000
5,22,4,128.0,2,73300000
10,28,4,153.5,2,79100000
2,18,4,111.5,2,42500000
4,5,3,72.1,2,22000000
2,7,3,72.2,2,25600000
25,25,3,73.0,2,29400000
4,9,3,83.5,2,45700000
4,5,3,72.1,2,22000000
2,7,3,72.2,2,25600000
25,25,3,73.0,2,29400000
12,28,2,121.68,2,53000000
6,9,2,58.6,2,33700000
12,31,2,61.3,2,25800000
3,5,2,56.5,2,16200000
6,16,2,54.9,2,21400000
11,17,2,59.0,2,21200000
2,11,1,49.3,3,65000000
2,16,1,49.3,3,65000000
7,8,2,65.0,3,74600000
4,21,2,41.0,3,43300000
7,21,2,41.0,3,43300000
3,9,2,135.4,3,139100000
2,8,2,77.0,3,85900000
2,8,2,77.0,3,80800000
6,8,4,105.0,3,61600000
5,7,4,160.0,3,222600000
5,7,4,158.0,3,201900000
1,15,4,124.7,3,58800000
4,30,4,127.3,3,69900000
13,30,4,127.5,3,70000000
5,7,4,158.0,3,217100000
1,7,4,167.1,3,216600000
7,7,4,261.79,3,333300000
7,8,4,193.0,3,127900000
6,6,4,340.0,3,261400000
5,24,4,120.0,3,59700000
7,8,4,193.0,3,134600000
3,29,4,120.0,3,65900000
7,8,4,192.0,3,133900000
7,10,4,273.0,3,288700000
9,30,4,127.5,3,70000000
22,25,4,159.9,3,69400000
7,8,4,193.0,3,142000000
3,8,4,240.0,3,148900000
6,6,4,340.0,3,235400000
6,6,5,103.6,3,39200000
6,16,3,158.0,3,200600000
10,12,3,126.6,3,54400000
3,10,3,138.3,3,138500000
4,9,3,130.0,3,105300000
7,7,3,145.2,3,221400000
4,8,3,130.0,3,99800000
6,8,3,142.8,3,159800000
8,14,3,76.5,3,36500000
22,22,3,127.6,3,53500000
20,29,3,126.8,3,57300000
22,29,3,127.6,3,57600000
18,29,3,138.8,3,62700000
22,22,3,159.9,3,67000000
22,29,3,159.9,3,72200000
6,8,3,144.0,3,165600000
6,10,3,60.5,3,23500000
6,10,3,60.5,3,23500000
20,30,3,110.0,3,57200000
3,6,3,137.0,3,126500000
6,16,3,158.0,3,200600000
10,12,3,126.6,3,54400000
3,10,3,138.3,3,138500000
4,9,3,130.0,3,105300000
7,7,3,145.2,3,221400000
6,8,3,142.8,3,159800000
4,8,3,130.0,3,99800000
8,14,3,76.5,3,36500000
22,22,3,127.6,3,53500000
20,29,3,126.8,3,57300000
22,29,3,127.6,3,57600000
18,29,3,138.8,3,62700000
22,22,3,159.9,3,67000000
22,29,3,159.9,3,72200000
6,8,3,144.0,3,165600000
6,10,3,60.5,3,23500000
6,10,3,60.5,3,23500000
20,30,3,110.0,3,57200000
3,6,3,137.0,3,126500000
7,8,2,65.0,3,74600000
4,21,2,41.0,3,43300000
7,21,2,41.0,3,43300000
3,9,2,135.4,3,139100000
2,8,2,77.0,3,85900000
2,8,2,77.0,3,80800000
2,37,1,40.3,4,26300000
9,41,1,40.5,4,29400000
16,40,1,41.1,4,30900000
5,5,1,30.0,4,11700000
37,37,1,48.0,4,36700000
4,6,1,39.3,4,17600000
4,5,1,29.7,4,12000000
4,15,1,30.2,4,14500000
6,15,1,32.0,4,15300000
9,41,1,40.4,4,31000000
12,41,1,41.9,4,30900000
4,15,1,32.1,4,15400000
14,24,1,39.9,4,22500000
6,15,1,33.0,4,15800000
5,24,1,41.4,4,23400000
13,42,1,42.0,4,28500000
18,32,1,51.0,4,22600000
16,21,1,42.0,4,28000000
21,26,2,87.0,4,41200000
3,40,2,81.7,4,57000000
3,5,2,69.3,4,53100000
3,36,2,70.0,4,53900000
15,21,2,37.26,4,15400000
18,27,2,62.0,4,26500000
22,24,2,44.0,4,28200000
3,27,2,72.0,4,33700000
14,24,2,45.0,4,27800000
2,15,2,90.0,4,40300000
4,41,2,75.0,4,52000000
22,24,2,40.0,4,27700000
5,21,2,57.0,4,23600000
39,41,2,56.9,4,34800000
18,42,2,94.0,4,43400000
27,42,4,114.0,4,68900000
27,41,4,109.7,4,71300000
20,41,4,162.9,4,105900000
6,41,4,91.0,4,69600000
10,37,4,112.8,4,85500000
7,41,4,132.9,4,80300000
20,41,4,164.0,4,99100000
28,32,4,146.9,4,68800000
7,24,4,108.0,4,52900000
26,41,4,138.2,4,104800000
49,57,4,156.0,4,126500000
4,25,4,193.7,4,157100000
21,26,4,120.0,4,52000000
18,32,4,187.4,4,93800000
18,18,4,187.4,4,80100000
4,61,4,220.0,4,141000000
4,22,4,214.0,4,173600000
13,37,3,66.3,4,47600000
9,36,3,70.6,4,53000000
16,37,3,91.0,4,55000000
18,22,3,116.2,4,81900000
18,50,3,115.7,4,81600000
8,21,3,65.0,4,37200000
8,24,3,65.0,4,40600000
24,40,3,82.4,4,61800000
25,37,3,114.0,4,66200000
8,23,3,70.0,4,43700000
5,57,3,115.0,4,88300000
3,57,3,115.0,4,88300000
2,13,3,76.25,4,29100000
4,17,3,76.6,4,28700000
14,26,3,78.0,4,33100000
13,37,3,66.3,4,47600000
9,36,3,70.6,4,53000000
16,37,3,91.0,4,55000000
18,22,3,116.2,4,81900000
18,50,3,115.7,4,81600000
8,21,3,65.0,4,37200000
8,24,3,65.0,4,40600000
24,40,3,82.4,4,61800000
25,37,3,114.0,4,66200000
8,23,3,70.0,4,43700000
5,57,3,115.0,4,88300000
3,57,3,115.0,4,88300000
2,13,3,76.25,4,29100000
4,17,3,76.6,4,28700000
14,26,3,78.0,4,33100000
21,26,2,87.0,4,41200000
3,40,2,81.7,4,57000000
3,5,2,69.3,4,53100000
3,36,2,70.0,4,53900000
15,21,2,37.26,4,15400000
18,27,2,62.0,4,26500000
22,24,2,44.0,4,28200000
3,27,2,72.0,4,33700000
14,24,2,45.0,4,27800000
2,15,2,90.0,4,40300000
4,41,2,75.0,4,52000000
22,24,2,40.0,4,27700000
5,21,2,57.0,4,23600000
39,41,2,56.9,4,34800000
18,42,2,94.0,4,43400000
10,16,2,40.0,4,15400000
26,27,2,56.0,4,27200000
5,24,2,54.0,4,31000000
16,24,2,55.6,4,30000000
4,23,2,90.6,4,44900000
2,37,2,60.0,4,44600000
13,18,1,49.7,5,28200000
4,29,1,46.3,5,22300000
4,29,1,40.0,5,19200000
10,40,1,44.98,5,24300000
14,46,2,66.4,5,31500000
3,10,2,54.1,5,27700000
8,9,2,40.0,5,15200000
3,16,2,55.3,5,27300000
4,5,2,61.7,5,25800000
6,16,2,64.3,5,30600000
5,6,2,61.3,5,26700000
10,16,2,41.9,5,17500000
5,16,2,70.1,5,36600000
13,15,2,73.0,5,29500000
1,5,2,41.2,5,14600000
2,16,2,50.4,5,16700000
28,46,4,95.3,5,47700000
10,10,4,102.6,5,41400000
10,18,4,102.5,5,42000000
35,48,4,109.6,5,54800000
9,10,4,115.0,5,50500000
8,8,4,184.5,5,63500000
8,8,4,185.0,5,63600000
14,16,4,127.0,5,71600000
8,13,4,88.2,5,40000000
38,48,4,93.0,5,46500000
17,18,4,100.0,5,42100000
7,10,3,68.5,5,34200000
8,8,3,85.0,5,33200000
8,16,3,82.3,5,39500000
9,9,3,91.0,5,44000000
6,16,3,136.9,5,63300000
9,10,3,94.4,5,36100000
31,40,3,60.0,5,27100000
7,8,3,139.0,5,46500000
11,29,3,76.0,5,37800000
5,8,3,55.0,5,20800000
14,15,3,73.0,5,28000000
3,14,3,68.0,5,29600000
38,46,3,55.5,5,26900000
2,6,3,70.8,5,37200000
9,12,3,99.0,5,44200000
7,10,3,68.5,5,34200000
8,8,3,85.0,5,33200000
8,16,3,82.3,5,39500000
9,9,3,91.0,5,44000000
6,16,3,136.9,5,63300000
9,10,3,94.4,5,36100000
31,40,3,60.0,5,27100000
7,8,3,139.0,5,46500000
11,29,3,76.0,5,37800000
5,8,3,55.0,5,20800000
14,15,3,73.0,5,28000000
3,14,3,68.0,5,29600000
38,46,3,55.5,5,26900000
14,46,2,66.4,5,31500000
3,10,2,54.1,5,27700000
8,9,2,40.0,5,15200000
3,16,2,55.3,5,27300000
4,5,2,61.7,5,25800000
6,16,2,64.3,5,30600000
5,6,2,61.3,5,26700000
10,16,2,41.9,5,17500000
5,16,2,70.1,5,36600000
13,15,2,73.0,5,29500000
1,5,2,41.2,5,14600000
2,16,2,50.4,5,16700000
11,16,2,40.6,5,18100000
2,15,2,55.8,5,20200000
1,5,2,60.9,5,19200000
4,9,2,47.0,5,23400000
5,5,2,60.3,5,24300000
3,4,2,71.3,5,22200000
38,40,2,60.0,5,29400000
38,40,2,60.0,5,29400000
16,19,2,68.0,5,28500000
11,16,1,44.9,6,19700000
2,3,1,19.0,6,7100000
9,9,2,131.6,6,63200000
10,11,2,40.0,6,26700000
7,12,2,58.1,6,26600000
4,5,2,49.0,6,16000000
10,11,2,68.0,6,45300000
8,11,2,40.9,6,29800000
9,10,2,75.0,6,33800000
9,9,2,131.6,6,63200000
1,5,2,37.4,6,13100000
6,7,4,143.0,6,134200000
6,7,4,143.0,6,134200000
6,8,4,131.0,6,66500000
6,8,4,131.2,6,66600000
2,6,4,103.3,6,61800000
10,11,4,135.2,6,88300000
6,10,4,182.0,6,167700000
19,23,4,172.0,6,83200000
2,7,4,110.4,6,44400000
5,10,4,184.0,6,104500000
6,9,4,182.1,6,167800000
5,16,4,76.0,6,33200000
5,11,3,62.3,6,39500000
2,2,3,79.0,6,35900000
4,5,3,135.0,6,216100000
4,5,3,135.0,6,245100000
2,11,3,135.0,6,132900000
4,6,3,68.5,6,24100000
6,6,3,65.0,6,41300000
6,7,3,140.0,6,127400000
5,5,3,75.4,6,36600000
1,12,3,50.0,6,17600000
8,9,3,70.0,6,32900000
5,11,3,62.3,6,39500000
2,2,3,79.0,6,35900000
4,5,3,135.0,6,216100000
4,5,3,135.0,6,245100000
2,11,3,135.0,6,132900000
4,6,3,68.5,6,24100000
6,6,3,65.0,6,41300000
6,7,3,140.0,6,127400000
5,5,3,75.4,6,36600000
1,12,3,50.0,6,17600000
8,9,3,70.0,6,32900000
9,9,2,131.6,6,63200000
10,11,2,40.0,6,26700000
7,12,2,58.1,6,26600000
4,5,2,49.0,6,16000000
10,11,2,68.0,6,45300000
8,11,2,40.9,6,29800000
9,10,2,75.0,6,33800000
9,9,2,131.6,6,63200000
1,5,2,37.4,6,13100000
9,23,2,70.1,6,32900000
8,11,2,41.1,6,27400000
6,12,1,39.9,7,14500000
7,9,1,30.0,7,9700000
4,9,2,42.0,7,14000000
5,20,3,75.8,7,24200000
5,20,3,75.8,7,24200000
4,9,2,42.0,7,14000000
20,22,1,38.4,8,12600000
4,9,1,31.0,8,10900000
4,5,1,30.0,8,9300000
1,4,2,53.5,8,15000000
2,14,4,110.8,8,31800000
4,9,3,60.4,8,15100000
4,9,3,60.4,8,15100000
1,4,2,53.5,8,15000000
34,58,1,43.0,9,24300000
9,52,1,30.0,9,15400000
22,33,1,34.4,9,16500000
17,58,1,30.0,9,14100000
18,48,1,42.4,9,21000000
7,48,1,42.0,9,23700000
56,58,1,38.0,9,20300000
23,43,1,45.0,9,26100000
30,43,1,46.0,9,23400000
17,25,1,38.0,9,19500000
10,43,1,41.0,9,22200000
9,46,1,43.5,9,22200000
18,48,1,42.4,9,21000000
9,48,1,42.0,9,23700000
7,30,1,36.6,9,21700000
2,32,1,47.0,9,22900000
6,9,1,32.7,9,10800000
3,5,1,29.7,9,9800000
8,27,1,36.5,9,17000000
14,47,1,42.4,9,20000000
3,33,1,35.0,9,16800000
14,25,1,32.2,9,18800000
37,53,1,37.6,9,18000000
18,21,1,46.7,9,17800000
19,21,1,48.6,9,18500000
2,28,1,38.3,9,19900000
2,28,1,40.8,9,21200000
8,62,1,39.3,9,21000000
24,28,1,38.3,9,20500000
6,36,1,34.0,9,20400000
15,36,1,32.8,9,16600000
28,29,2,51.0,9,30000000
9,41,2,64.2,9,35800000
24,24,2,57.4,9,33100000
27,58,2,60.1,9,27000000
8,36,2,71.0,9,42500000
13,36,2,63.5,9,38100000
39,43,2,68.0,9,37900000
5,43,2,49.3,9,27200000
17,17,2,58.5,9,21400000
17,46,2,46.0,9,25600000
14,24,2,59.0,9,34400000
9,29,2,49.18,9,26200000
17,29,2,49.1,9,26100000
12,29,2,56.2,9,33000000
25,33,2,68.2,9,34100000
2,20,2,45.0,9,24200000
7,49,2,67.8,9,29100000
28,47,2,53.2,9,22800000
10,25,2,56.0,9,29700000
6,32,2,69.9,9,34900000
16,17,2,48.5,9,19200000
17,42,2,46.0,9,25600000
30,32,2,70.0,9,32900000
29,33,2,78.2,9,39100000
14,49,2,55.0,9,28400000
2,17,2,60.1,9,25800000
11,43,2,67.1,9,31000000
3,12,2,45.0,9,14200000
8,9,2,40.0,9,12800000
10,58,4,106.0,9,57100000
38,58,4,108.6,9,58500000
30,53,4,107.0,9,57600000
11,58,4,108.2,9,46100000
41,53,4,108.5,9,46200000
28,29,4,117.0,9,70800000
35,36,4,101.0,9,52500000
9,31,4,123.0,9,46300000
20,22,4,200.0,9,116500000
11,17,4,144.8,9,48200000
11,22,4,86.3,9,45600000
11,16,4,119.0,9,48600000
28,29,4,116.2,9,70300000
17,19,4,140.4,9,73800000
7,19,4,140.7,9,65000000
8,19,4,140.0,9,62400000
33,37,4,152.0,9,67000000
13,19,4,170.0,9,93500000
3,9,4,63.0,9,18700000
12,19,3,84.0,9,49200000
18,19,3,98.2,9,50100000
10,25,3,91.0,9,40300000
11,58,3,81.0,9,41300000
23,25,3,81.0,9,35900000
23,43,3,83.5,9,38000000
31,53,3,82.5,9,42100000
21,36,3,86.5,9,45800000
18,19,3,98.2,9,46500000
18,19,3,98.2,9,50100000
10,21,3,92.6,9,38400000
36,53,3,82.5,9,34000000
2,19,3,99.0,9,57300000
7,47,3,76.1,9,31000000
13,22,3,94.0,9,63200000
5,24,3,72.2,9,32000000
3,5,3,54.7,9,17900000
4,25,3,72.2,9,32000000
21,24,3,87.1,9,58500000
1,3,3,229.0,9,139900000
3,24,3,104.0,9,39400000
17,36,3,75.6,9,30100000
18,20,3,100.8,9,38400000
6,36,3,97.0,9,52100000
7,9,3,59.2,9,16900000
4,5,3,55.3,9,18300000
15,21,3,77.0,9,30500000
4,30,3,72.2,9,32000000
10,37,3,85.5,9,36500000
30,58,3,52.0,9,27400000
8,24,3,79.0,9,31300000
41,53,3,83.0,9,34300000
41,53,3,97.9,9,40400000
12,19,3,84.0,9,49200000
18,19,3,98.2,9,50100000
10,25,3,91.0,9,40300000
11,58,3,81.0,9,41300000
23,25,3,81.0,9,35900000
23,43,3,83.5,9,38000000
31,53,3,82.5,9,42100000
21,36,3,86.5,9,45800000
18,19,3,98.2,9,46500000
18,19,3,98.2,9,50100000
10,21,3,92.6,9,38400000
36,53,3,82.5,9,34000000
2,19,3,99.0,9,57300000
7,47,3,76.1,9,31000000
13,22,3,94.0,9,63200000
5,24,3,72.2,9,32000000
3,5,3,54.7,9,17900000
4,25,3,72.2,9,32000000
21,24,3,87.1,9,58500000
1,3,3,229.0,9,139900000
3,24,3,104.0,9,39400000
17,36,3,75.6,9,30100000
18,20,3,100.8,9,38400000
6,36,3,97.0,9,52100000
7,9,3,59.2,9,16900000
4,5,3,55.3,9,18300000
15,21,3,77.0,9,30500000
4,30,3,72.2,9,32000000
10,37,3,85.5,9,36500000
30,58,3,52.0,9,27400000
28,29,2,51.0,9,30000000
9,41,2,64.2,9,35800000
24,24,2,57.4,9,33100000
27,58,2,60.1,9,27000000
8,36,2,71.0,9,42500000
13,36,2,63.5,9,38100000
39,43,2,68.0,9,37900000
5,43,2,49.3,9,27200000
17,17,2,58.5,9,21400000
17,46,2,46.0,9,25600000
14,24,2,59.0,9,34400000
9,29,2,49.18,9,26200000
17,29,2,49.1,9,26100000
12,29,2,56.2,9,33000000
25,33,2,68.2,9,34100000
2,20,2,45.0,9,24200000
7,49,2,67.8,9,29100000
28,47,2,53.2,9,22800000
10,25,2,56.0,9,29700000
6,32,2,69.9,9,34900000
16,17,2,48.5,9,19200000
17,42,2,46.0,9,25600000
30,32,2,70.0,9,32900000
29,33,2,78.2,9,39100000
14,49,2,55.0,9,28400000
2,17,2,60.1,9,25800000
11,43,2,67.1,9,31000000
3,12,2,45.0,9,14200000
8,9,2,40.0,9,12800000
5,9,2,43.0,9,15600000
15,30,2,36.0,9,18200000
8,9,2,49.0,9,20200000
18,24,2,46.2,9,23500000
14,23,2,47.5,9,19800000
21,30,2,38.0,9,20300000
28,29,2,51.0,9,30000000
11,21,2,42.7,9,21600000
9,30,2,49.8,9,29300000
17,30,2,49.1,9,28800000
5,24,2,58.0,9,33600000
5,19,2,52.0,9,29500000
29,43,2,67.8,9,31400000
13,23,2,73.7,9,30700000
30,37,2,69.5,9,32700000
2,22,2,80.0,9,39600000
19,20,2,70.0,9,38700000
8,14,2,90.2,10,43000000
7,9,2,44.5,10,20500000
4,14,4,86.6,10,45300000
8,14,4,125.0,10,68800000
5,5,3,137.6,10,50400000
2,4,3,62.0,10,23900000
4,12,3,60.0,10,24200000
3,7,3,74.0,10,27600000
9,10,3,58.0,10,18400000
2,4,3,129.0,10,38800000
5,5,3,137.6,10,50400000
2,4,3,62.0,10,23900000
4,12,3,60.0,10,24200000
3,7,3,74.0,10,27600000
9,10,3,58.0,10,18400000
2,4,3,129.0,10,38800000
8,14,2,90.2,10,43000000
7,9,2,44.5,10,20500000
9,9,2,41.0,10,14900000
2,25,1,37.0,11,8600000
63,66,1,86.0,12,83900000
51,75,1,123.0,12,100100000
21,26,1,40.0,12,28600000
4,13,1,60.9,12,43500000
63,66,1,86.0,12,83900000
12,85,1,89.0,12,64600000
4,13,1,43.6,12,42300000
14,21,1,144.0,12,144300000
3,5,1,31.0,12,14900000
32,44,1,49.5,12,34300000
35,68,1,51.4,12,46200000
14,17,2,69.0,12,74300000
17,18,2,117.0,12,127400000
25,76,2,105.0,12,74200000
33,44,2,62.0,12,41300000
5,27,2,72.0,12,39300000
34,78,2,76.1,12,67100000
12,79,2,61.0,12,56800000
4,17,2,44.5,12,43600000
43,78,2,81.0,12,71400000
40,78,2,76.0,12,67000000
32,78,2,65.0,12,57300000
50,78,2,86.0,12,75800000
79,95,2,72.9,12,60300000
3,21,2,56.6,12,58900000
54,67,2,82.0,12,72300000
10,79,2,62.0,12,54700000
43,73,2,123.0,12,114600000
8,21,2,51.0,12,38600000
14,21,2,144.0,12,161900000
16,20,2,67.0,12,61200000
2,7,2,60.4,12,36700000
50,75,2,107.6,12,84100000
3,21,2,56.58,12,62000000
3,7,2,40.2,12,30600000
3,7,2,45.0,12,34200000
4,12,2,61.0,12,39500000
7,9,2,55.1,12,37800000
8,21,2,59.0,12,64600000
46,75,2,114.2,12,89200000
7,21,2,73.0,12,78600000
43,75,2,101.0,12,78900000
46,75,2,114.2,12,89200000
47,78,2,72.0,12,63500000
37,78,2,73.0,12,64400000
4,20,2,65.1,12,59100000
51,75,2,123.0,12,96100000
9,12,2,38.3,12,15700000
2,7,2,64.0,12,34900000
4,6,2,68.0,12,39500000
12,13,2,60.0,12,46900000
6,22,2,85.0,12,42700000
6,17,2,84.0,12,82300000
43,77,2,123.0,12,108400000
6,17,4,146.0,12,149900000
6,17,4,146.0,12,149900000
11,24,4,212.0,12,118800000
11,24,4,212.0,12,118800000
6,6,4,169.0,12,97300000
16,21,4,154.0,12,173700000
7,21,4,137.0,12,154500000
4,5,4,177.4,12,299500000
28,65,4,228.4,12,166300000
3,5,4,169.7,12,175500000
4,12,4,212.0,12,271800000
8,21,4,188.0,12,154400000
63,79,4,225.0,12,215800000
5,21,4,136.0,12,107000000
9,18,4,165.9,12,147000000
6,14,4,170.0,12,97000000
12,22,4,160.0,12,87900000
6,13,4,146.0,12,159600000
4,6,4,101.7,12,73500000
2,5,4,161.0,12,166800000
6,17,4,146.0,12,133400000
4,4,4,133.0,12,95900000
4,4,4,133.2,12,96100000
5,5,4,116.0,12,87500000
14,50,4,100.0,12,59800000
8,18,4,122.6,12,137400000
8,53,4,100.0,12,59800000
15,15,4,237.0,12,266400000
4,51,4,100.0,12,59800000
9,18,4,165.9,12,147000000
55,95,4,296.0,12,224300000
5,8,4,164.0,12,132700000
5,25,4,171.3,12,86500000
5,18,4,163.7,12,132500000
44,65,4,192.0,12,139800000
35,73,4,185.6,12,114800000
11,13,4,141.0,12,89600000
2,6,4,123.0,12,83600000
7,41,4,105.04,12,43100000
5,5,4,101.2,12,93100000
15,21,4,178.0,12,146200000
11,17,4,160.18,12,161500000
16,18,4,141.0,12,114100000
5,20,4,165.0,12,133500000
2,4,4,141.1,12,171500000
6,53,4,100.0,12,59800000
16,20,4,90.0,12,72800000
2,6,4,135.2,12,100800000
4,5,4,160.0,12,115400000
7,12,4,172.5,12,102600000
15,21,4,200.0,12,129800000
2,6,4,162.4,12,99400000
5,5,4,210.0,12,142800000
2,8,4,125.8,12,171900000
9,18,4,165.0,12,146200000
44,69,4,190.4,12,138600000
13,21,4,160.0,12,207700000
10,20,4,205.7,12,166500000
2,6,3,110.5,12,84800000
2,21,3,115.0,12,115400000
26,75,3,185.0,12,127500000
53,75,3,224.0,12,154400000
4,7,3,131.4,12,84700000
7,20,3,93.0,12,93200000
11,21,3,104.55,12,108800000
9,21,3,108.0,12,118300000
2,13,3,121.0,12,56200000
17,21,3,119.7,12,93100000
45,85,3,163.0,12,115100000
5,21,3,116.78,12,115000000
5,20,3,116.7,12,120800000
11,21,3,104.55,12,108800000
3,21,3,92.2,12,101000000
6,21,3,85.7,12,91500000
3,44,3,65.6,12,42500000
9,21,3,116.8,12,120900000
3,5,3,110.0,12,110300000
35,73,3,186.0,12,128200000
4,6,3,143.7,12,167900000
4,6,3,145.0,12,184500000
9,21,3,108.0,12,115300000
53,73,3,239.0,12,164700000
9,12,3,104.0,12,77000000
63,68,3,101.9,12,85700000
3,21,3,92.12,12,98400000
2,7,3,131.0,12,139500000
45,78,3,123.0,12,105700000
61,65,3,97.0,12,81600000
4,12,3,100.0,12,71000000
35,73,3,183.0,12,126100000
17,21,3,120.0,12,128200000
11,21,3,90.0,12,98600000
4,12,3,100.0,12,71000000
3,4,3,98.5,12,37700000
17,21,3,72.8,12,72400000
2,21,3,120.0,12,127800000
4,13,3,149.9,12,126900000
3,13,3,150.0,12,120700000
5,7,3,73.4,12,54400000
4,6,3,145.0,12,184500000
17,21,3,75.0,12,64300000
30,66,3,118.7,12,106800000
4,6,3,143.7,12,182900000
33,65,3,190.0,12,130900000
69,95,3,130.0,12,97300000
52,78,3,116.0,12,99700000
38,78,3,120.0,12,103100000
43,78,3,122.0,12,104800000
49,78,3,124.0,12,106500000
44,78,3,125.0,12,107400000
42,78,3,135.0,12,116000000
68,78,3,140.0,12,120300000
22,32,3,84.0,12,41300000
3,5,3,110.0,12,97300000
22,65,3,191.6,12,132000000
53,76,3,239.0,12,164700000
41,78,3,92.0,12,79100000
28,78,3,96.0,12,82500000
18,78,3,100.0,12,85900000
29,78,3,100.0,12,85900000
32,78,3,126.0,12,108300000
49,78,3,124.0,12,106500000
9,18,3,124.0,12,64000000
9,21,3,108.0,12,118300000
5,5,3,60.0,12,37400000
38,51,3,66.9,12,30700000
24,44,3,69.0,12,41100000
9,18,3,123.0,12,58300000
7,21,3,86.0,12,65500000
16,18,3,90.0,12,70600000
5,5,3,151.0,12,102200000
3,5,3,111.0,12,98200000
1,4,3,109.7,12,129700000
3,4,3,112.6,12,143800000
11,12,3,254.0,12,274600000
1,12,3,64.5,12,20600000
13,14,3,73.0,12,29000000
20,53,3,83.9,12,44900000
2,6,3,110.5,12,84800000
2,21,3,115.0,12,115400000
26,75,3,185.0,12,127500000
53,75,3,224.0,12,154400000
4,7,3,131.4,12,84700000
7,20,3,93.0,12,93200000
11,21,3,104.55,12,108800000
9,21,3,108.0,12,118300000
2,13,3,121.0,12,56200000
17,21,3,119.7,12,93100000
45,85,3,163.0,12,115100000
5,21,3,116.78,12,115000000
5,20,3,116.7,12,120800000
11,21,3,104.55,12,108800000
3,21,3,92.2,12,101000000
6,21,3,85.7,12,91500000
3,44,3,65.6,12,42500000
9,21,3,116.8,12,120900000
3,5,3,110.0,12,110300000
35,73,3,186.0,12,128200000
4,6,3,143.7,12,167900000
4,6,3,145.0,12,184500000
9,21,3,108.0,12,115300000
53,73,3,239.0,12,164700000
9,12,3,104.0,12,77000000
63,68,3,101.9,12,85700000
3,21,3,92.12,12,98400000
2,7,3,131.0,12,139500000
45,78,3,123.0,12,105700000
61,65,3,97.0,12,81600000
4,12,3,100.0,12,71000000
35,73,3,183.0,12,126100000
17,21,3,120.0,12,128200000
11,21,3,90.0,12,98600000
4,12,3,100.0,12,71000000
3,4,3,98.5,12,37700000
17,21,3,72.8,12,72400000
2,21,3,120.0,12,127800000
4,13,3,149.9,12,126900000
3,13,3,150.0,12,120700000
5,7,3,73.4,12,54400000
4,6,3,145.0,12,184500000
17,21,3,75.0,12,64300000
30,66,3,118.7,12,106800000
4,6,3,143.7,12,182900000
33,65,3,190.0,12,130900000
69,95,3,130.0,12,97300000
52,78,3,116.0,12,99700000
38,78,3,120.0,12,103100000
43,78,3,122.0,12,104800000
49,78,3,124.0,12,106500000
44,78,3,125.0,12,107400000
42,78,3,135.0,12,116000000
68,78,3,140.0,12,120300000
22,32,3,84.0,12,41300000
3,5,3,110.0,12,97300000
22,65,3,191.6,12,132000000
53,76,3,239.0,12,164700000
41,78,3,92.0,12,79100000
28,78,3,96.0,12,82500000
18,78,3,100.0,12,85900000
29,78,3,100.0,12,85900000
32,78,3,126.0,12,108300000
49,78,3,124.0,12,106500000
9,18,3,124.0,12,64000000
9,21,3,108.0,12,118300000
4,4,3,65.0,12,24000000
5,5,3,60.0,12,37400000
38,51,3,66.9,12,30700000
24,44,3,69.0,12,41100000
9,18,3,123.0,12,58300000
7,21,3,86.0,12,65500000
16,18,3,90.0,12,70600000
5,5,3,151.0,12,102200000
3,5,3,111.0,12,98200000
1,4,3,109.7,12,129700000
3,4,3,112.6,12,143800000
11,12,3,254.0,12,274600000
1,12,3,64.5,12,20600000
13,14,3,73.0,12,29000000
14,17,2,69.0,12,74300000
17,18,2,117.0,12,127400000
25,76,2,105.0,12,74200000
33,44,2,62.0,12,41300000
5,27,2,72.0,12,39300000
34,78,2,76.1,12,67100000
12,79,2,61.0,12,56800000
4,17,2,44.5,12,43600000
43,78,2,81.0,12,71400000
40,78,2,76.0,12,67000000
50,78,2,86.0,12,75800000
32,78,2,65.0,12,57300000
79,95,2,72.9,12,60300000
3,21,2,56.6,12,58900000
54,67,2,82.0,12,72300000
10,79,2,62.0,12,54700000
43,73,2,123.0,12,114600000
8,21,2,51.0,12,38600000
14,21,2,144.0,12,161900000
16,20,2,67.0,12,61200000
2,7,2,60.4,12,36700000
50,75,2,107.6,12,84100000
3,21,2,56.58,12,62000000
3,7,2,40.2,12,30600000
3,7,2,45.0,12,34200000
4,12,2,61.0,12,39500000
7,9,2,55.1,12,37800000
8,21,2,59.0,12,64600000
46,75,2,114.2,12,89200000
7,21,2,73.0,12,78600000
43,75,2,101.0,12,78900000
46,75,2,114.2,12,89200000
47,78,2,72.0,12,63500000
37,78,2,73.0,12,64400000
4,20,2,65.1,12,59100000
51,75,2,123.0,12,96100000
9,12,2,38.3,12,15700000
2,7,2,64.0,12,34900000
4,6,2,68.0,12,39500000
12,13,2,60.0,12,46900000
6,22,2,85.0,12,42700000
6,17,2,84.0,12,82300000
43,77,2,123.0,12,108400000
2,10,2,38.0,12,16900000
26,53,2,45.0,12,26100000
16,51,2,43.3,12,25200000
10,35,2,78.1,12,37600000
3,7,2,57.0,12,36000000
8,9,2,48.7,12,29300000
11,77,2,62.3,12,53800000
20,25,1,36.0,13,15900000
18,22,1,43.0,13,16700000
18,22,1,43.0,13,16700000
4,5,1,32.3,13,10800000
28,48,2,82.0,13,46200000
8,25,2,66.0,13,27800000
4,9,2,38.0,13,14900000
16,30,2,54.0,13,22500000
12,38,2,62.0,13,29000000
5,25,2,39.0,13,16500000
2,5,2,48.6,13,16300000
6,32,4,189.2,13,104500000
21,32,4,142.9,13,80200000
38,48,4,171.7,13,88400000
38,48,4,180.0,13,73200000
13,13,4,0.3,13,67200000
5,7,4,124.4,13,42700000
14,38,4,175.0,13,80300000
3,16,4,108.37,13,53100000
7,38,3,82.0,13,45000000
15,22,3,62.2,13,18300000
4,18,3,96.0,13,47400000
30,49,3,138.1,13,67300000
7,38,3,82.0,13,45000000
15,22,3,62.2,13,18300000
4,18,3,96.0,13,47400000
30,49,3,138.1,13,67300000
28,48,2,82.0,13,46200000
8,25,2,66.0,13,27800000
4,9,2,38.0,13,14900000
16,30,2,54.0,13,22500000
12,38,2,62.0,13,29000000
5,25,2,39.0,13,16500000
2,5,2,48.6,13,16300000
4,22,2,55.0,13,24600000
14,18,1,43.0,14,25100000
4,9,2,37.8,14,12500000
8,10,2,37.0,14,14500000
3,8,3,75.6,14,23200000
3,8,3,75.6,14,23200000
4,9,2,37.8,14,12500000
8,10,2,37.0,14,14500000
7,14,2,45.0,14,17600000
2,9,1,41.4,15,20100000
4,5,1,30.3,15,20000000
2,9,1,58.8,15,31800000
5,13,1,60.0,15,74200000
3,13,1,71.06,15,80200000
7,12,2,78.0,15,100500000
7,12,2,78.0,15,94500000
5,13,2,60.0,15,65200000
2,4,2,75.0,15,59200000
5,10,2,106.2,15,84900000
2,3,2,77.0,15,47600000
7,12,2,78.0,15,94500000
9,15,2,97.25,15,123500000
2,9,2,58.0,15,31300000
2,14,2,51.8,15,29700000
6,7,2,95.0,15,111000000
2,6,2,75.0,15,46900000
5,6,2,49.6,15,62000000
2,15,2,97.26,15,136100000
4,7,2,65.0,15,65300000
5,6,2,117.0,15,121100000
11,12,2,113.91,15,129100000
5,13,2,60.0,15,74100000
2,6,4,184.9,15,231100000
3,14,4,200.0,15,323300000
2,6,4,184.9,15,231100000
3,14,4,200.0,15,323300000
3,12,4,181.0,15,248400000
4,5,4,170.0,15,220500000
4,11,4,204.0,15,328100000
4,6,4,169.7,15,187200000
3,6,4,160.1,15,106900000
5,7,4,200.0,15,404300000
6,12,4,153.0,15,241100000
4,5,4,176.7,15,158700000
2,10,4,163.8,15,161700000
5,7,4,180.0,15,363900000
6,7,4,230.0,15,273000000
10,13,4,151.0,15,151700000
3,7,4,188.7,15,327100000
2,5,4,132.0,15,253600000
4,9,4,202.0,15,324900000
1,7,4,202.0,15,393400000
3,14,4,250.0,15,228500000
5,7,4,184.0,15,188000000
9,12,4,144.0,15,191000000
6,11,4,170.0,15,238300000
3,7,4,158.0,15,252000000
6,7,4,271.7,15,298500000
4,6,4,166.3,15,155600000
4,5,4,164.0,15,202300000
5,9,4,172.0,15,214800000
11,11,4,303.0,15,378900000
4,5,4,181.4,15,133700000
4,7,4,196.0,15,203400000
2,11,4,168.3,15,166200000
5,14,4,118.0,15,85700000
4,10,4,196.0,15,203400000
5,12,4,140.0,15,159500000
3,14,4,150.0,15,143500000
9,12,4,143.5,15,190300000
4,12,4,201.6,15,324200000
3,7,4,255.6,15,408500000
4,12,4,184.3,15,181500000
4,7,4,195.0,15,202400000
5,8,4,176.0,15,173300000
3,14,4,252.0,15,242900000
3,6,4,155.0,15,208200000
1,5,4,76.1,15,34500000
1,6,4,95.0,15,66200000
1,16,4,122.6,15,75100000
2,4,4,117.0,15,87700000
2,4,4,117.0,15,87700000
4,7,4,160.0,15,73700000
9,9,4,180.0,15,115700000
2,7,4,163.0,15,84400000
3,11,4,147.36,15,145100000
3,11,4,147.36,15,145100000
4,15,4,140.0,15,137900000
5,7,4,189.0,15,193100000
4,9,4,125.8,15,157100000
2,5,4,179.2,15,171500000
4,6,4,171.0,15,188600000
4,7,4,195.1,15,202500000
9,11,4,199.37,15,196500000
4,12,4,184.3,15,181500000
4,12,4,184.3,15,181500000
6,9,4,172.7,15,215600000
6,13,4,153.0,15,173000000
7,8,4,233.0,15,259200000
9,11,4,199.37,15,196500000
6,11,4,168.3,15,235900000
6,7,4,220.0,15,248300000
6,7,4,215.0,15,255200000
4,8,4,201.6,15,288500000
4,6,4,177.0,15,289900000
4,7,4,252.3,15,403200000
4,7,4,252.3,15,403200000
11,11,4,303.0,15,378900000
4,6,4,231.1,15,582500000
3,11,3,118.71,15,113400000
6,16,3,122.6,15,100900000
2,13,3,103.0,15,144000000
7,16,3,121.0,15,99600000
3,6,3,159.0,15,290100000
6,14,3,125.3,15,130800000
2,7,3,151.3,15,292500000
6,12,3,107.0,15,128700000
8,15,3,119.5,15,167400000
8,13,3,99.71,15,95200000
10,14,3,146.0,15,126100000
2,8,3,91.8,15,66400000
2,7,3,151.0,15,291900000
5,6,3,106.4,15,66700000
3,5,3,164.0,15,161600000
3,6,3,128.0,15,233600000
3,5,3,112.7,15,89300000
3,5,3,112.0,15,88800000
4,14,3,138.1,15,131900000
5,9,3,142.0,15,216200000
3,15,3,122.7,15,199000000
3,10,3,164.0,15,161600000
5,11,3,142.0,15,216200000
3,6,3,145.0,15,346000000
6,8,3,57.4,15,28100000
4,11,3,86.0,15,53500000
3,6,3,158.6,15,289400000
8,8,3,106.3,15,101100000
2,15,3,180.0,15,159200000
5,12,3,74.4,15,46300000
2,7,3,151.3,15,292500000
8,11,3,139.0,15,183500000
6,9,3,70.0,15,56200000
2,8,3,186.0,15,154000000
8,10,3,138.0,15,167300000
5,8,3,67.5,15,35700000
4,5,3,83.4,15,44200000
4,8,3,110.0,15,87000000
9,13,3,99.71,15,95200000
14,17,3,141.6,15,116600000
4,6,3,111.3,15,135500000
5,6,3,122.6,15,129700000
3,9,3,130.0,15,169000000
2,6,3,119.0,15,210900000
2,6,3,119.0,15,210900000
8,11,3,138.6,15,183000000
2,6,3,151.3,15,292500000
3,6,3,158.6,15,289400000
14,16,3,142.0,15,116900000
10,16,3,131.0,15,107900000
4,6,3,160.0,15,185400000
8,11,3,138.6,15,183000000
3,7,3,112.5,15,89200000
4,9,3,160.0,15,113600000
8,15,3,100.0,15,95500000
14,16,3,141.6,15,116600000
2,8,3,152.2,15,141200000
2,7,3,186.0,15,154000000
4,6,3,170.0,15,217500000
3,6,3,162.0,15,295600000
3,14,3,103.0,15,148300000
3,5,3,112.7,15,89300000
2,6,3,79.6,15,32600000
7,9,3,75.6,15,51400000
2,12,3,91.1,15,67900000
2,5,3,112.0,15,132500000
9,15,3,97.0,15,100400000
6,12,3,113.9,15,128000000
6,12,3,114.1,15,128200000
6,12,3,113.9,15,133000000
8,11,3,139.0,15,183500000
2,5,3,65.0,15,33800000
3,11,3,118.71,15,113400000
6,16,3,122.6,15,100900000
2,13,3,103.0,15,144000000
7,16,3,121.0,15,99600000
3,6,3,159.0,15,290100000
6,14,3,125.3,15,130800000
2,7,3,151.3,15,292500000
6,12,3,107.0,15,128700000
8,15,3,119.5,15,167400000
8,13,3,99.71,15,95200000
10,14,3,146.0,15,126100000
2,8,3,91.8,15,66400000
2,7,3,151.0,15,291900000
5,6,3,106.4,15,66700000
3,5,3,164.0,15,161600000
3,6,3,128.0,15,233600000
3,5,3,112.7,15,89300000
3,5,3,112.0,15,88800000
4,14,3,138.1,15,131900000
5,9,3,142.0,15,216200000
3,15,3,122.7,15,199000000
3,10,3,164.0,15,161600000
5,11,3,142.0,15,216200000
3,6,3,145.0,15,346000000
6,8,3,57.4,15,28100000
4,11,3,86.0,15,53500000
3,6,3,158.6,15,289400000
8,8,3,106.3,15,101100000
2,15,3,180.0,15,159200000
5,12,3,74.4,15,46300000
2,7,3,151.3,15,292500000
8,11,3,139.0,15,183500000
6,9,3,70.0,15,56200000
2,8,3,186.0,15,154000000
8,10,3,138.0,15,167300000
5,8,3,67.5,15,35700000
4,5,3,83.4,15,44200000
4,8,3,110.0,15,87000000
9,13,3,99.71,15,95200000
14,17,3,141.6,15,116600000
4,6,3,111.3,15,135500000
5,6,3,122.6,15,129700000
3,9,3,130.0,15,169000000
2,6,3,119.0,15,210900000
2,6,3,119.0,15,210900000
8,11,3,138.6,15,183000000
2,6,3,151.3,15,292500000
3,6,3,158.6,15,289400000
14,16,3,142.0,15,116900000
10,16,3,131.0,15,107900000
4,6,3,160.0,15,185400000
8,11,3,138.6,15,183000000
3,7,3,112.5,15,89200000
4,9,3,160.0,15,113600000
8,15,3,100.0,15,95500000
14,16,3,141.6,15,116600000
2,8,3,152.2,15,141200000
2,7,3,186.0,15,154000000
4,6,3,170.0,15,217500000
3,6,3,162.0,15,295600000
3,14,3,103.0,15,148300000
3,5,3,112.7,15,89300000
2,6,3,79.6,15,32600000
7,9,3,75.6,15,51400000
2,12,3,91.1,15,67900000
2,5,3,112.0,15,132500000
9,15,3,97.0,15,100400000
6,12,3,113.9,15,128000000
6,12,3,114.1,15,128200000
6,12,3,113.9,15,133000000
8,11,3,139.0,15,183500000
7,12,2,78.0,15,100500000
7,12,2,78.0,15,94500000
5,13,2,60.0,15,65200000
2,4,2,75.0,15,59200000
5,10,2,106.2,15,84900000
2,3,2,77.0,15,47600000
7,12,2,78.0,15,94500000
9,15,2,97.25,15,123500000
2,9,2,58.0,15,31300000
2,14,2,51.8,15,29700000
6,7,2,95.0,15,111000000
10,14,2,99.61,15,100000000
2,6,2,75.0,15,46900000
5,6,2,49.6,15,62000000
4,6,2,75.1,15,93800000
2,15,2,97.26,15,136100000
4,7,2,65.0,15,65300000
5,6,2,117.0,15,121100000
11,12,2,113.91,15,129100000
5,13,2,60.0,15,74100000
4,5,2,34.5,15,21000000
7,8,2,43.9,15,27000000
2,6,2,55.6,15,28100000
12,12,1,38.0,16,19100000
2,9,1,33.6,16,16400000
3,14,2,70.8,16,37900000
5,5,2,119.1,16,72600000
4,4,4,98.0,16,55000000
3,4,4,192.0,16,111600000
3,17,4,104.0,16,109100000
4,8,4,160.0,16,141800000
9,14,3,83.0,16,75700000
7,11,3,115.2,16,58200000
4,6,3,117.8,16,64300000
15,16,3,75.0,16,25400000
8,12,3,65.5,16,24100000
9,14,3,83.0,16,75700000
7,11,3,115.2,16,58200000
4,6,3,117.8,16,64300000
15,16,3,75.0,16,25400000
8,12,3,65.5,16,24100000
3,14,2,70.8,16,37900000
5,5,2,119.1,16,72600000
1,14,2,51.0,16,18700000
4,4,2,52.0,16,31500000
3,45,1,37.7,18,22600000
5,5,1,31.0,18,13400000
2,5,1,30.0,18,16000000
4,11,2,55.0,18,30100000
1,12,2,37.4,18,15500000
5,8,4,140.0,18,70100000
5,8,4,140.0,18,73900000
3,5,4,109.1,18,40400000
18,18,4,230.0,18,139200000
5,14,4,125.0,18,82300000
5,10,4,136.0,18,64700000
10,11,4,152.0,18,176900000
10,18,3,105.6,18,87200000
5,15,3,96.5,18,78600000
17,32,3,83.7,18,83600000
7,14,3,108.1,18,71000000
10,11,3,105.1,18,115800000
1,8,3,74.4,18,28800000
1,15,3,81.0,18,32800000
14,14,3,78.0,18,50500000
10,11,3,105.1,18,115800000
15,34,3,84.5,18,77500000
10,18,3,105.6,18,87200000
5,15,3,96.5,18,78600000
17,32,3,83.7,18,83600000
7,14,3,108.1,18,71000000
10,11,3,105.1,18,115800000
1,8,3,74.4,18,28800000
1,15,3,81.0,18,32800000
14,14,3,78.0,18,50500000
10,11,3,105.1,18,115800000
15,34,3,84.5,18,77500000
4,11,2,55.0,18,30100000
1,12,2,37.4,18,15500000
5,10,2,56.0,18,30000000
6,9,1,33.2,19,16200000
2,4,1,13.8,19,6000000
3,4,1,16.7,19,7200000
2,4,1,18.2,19,7600000
18,18,2,66.0,19,21000000
18,18,2,61.0,19,19400000
2,15,2,74.0,19,44100000
2,8,2,42.3,19,16100000
2,15,2,74.0,19,44100000
5,14,2,47.0,19,15800000
1,5,2,41.0,19,14200000
6,12,2,52.0,19,30500000
4,10,2,89.0,19,61400000
7,11,4,203.0,19,144200000
7,11,4,203.1,19,144300000
7,10,4,201.0,19,142800000
4,12,4,148.7,19,94400000
7,25,4,166.0,19,84700000
3,25,4,135.0,19,87100000
2,23,4,134.2,19,51000000
10,25,4,95.3,19,61500000
8,15,4,105.2,19,66400000
7,25,4,166.0,19,84700000
3,25,4,135.0,19,87100000
22,23,3,128.0,19,54300000
10,25,3,99.0,19,60500000
9,16,3,120.8,19,51800000
3,15,3,104.0,19,62200000
7,34,3,97.4,19,37200000
8,18,3,88.0,19,40900000
8,13,3,86.0,19,45200000
15,34,3,87.0,19,33200000
8,12,3,82.0,19,39900000
22,23,3,128.0,19,54300000
10,25,3,99.0,19,60500000
9,16,3,120.8,19,51800000
3,15,3,104.0,19,62200000
7,34,3,97.4,19,37200000
8,18,3,88.0,19,40900000
8,13,3,86.0,19,45200000
15,34,3,87.0,19,33200000
8,12,3,82.0,19,39900000
18,18,2,66.0,19,21000000
18,18,2,61.0,19,19400000
2,15,2,74.0,19,44100000
2,8,2,42.3,19,16100000
2,15,2,74.0,19,44100000
5,14,2,47.0,19,15800000
1,5,2,41.0,19,14200000
6,12,2,52.0,19,30500000
4,10,2,89.0,19,61400000
4,5,2,50.0,19,19100000
3,12,2,57.0,19,29200000
6,8,1,32.0,20,13400000
5,9,1,31.0,20,13200000
3,42,1,43.4,20,21400000
14,17,2,50.3,20,20100000
13,21,2,43.5,20,18800000
13,21,2,70.0,20,31500000
2,8,2,44.0,20,19000000
9,28,2,72.0,20,32600000
2,5,2,41.4,20,13000000
5,16,2,71.0,20,29500000
10,28,2,64.0,20,34700000
12,13,2,70.0,20,37900000
27,42,4,106.0,20,46500000
15,16,4,109.0,20,52700000
7,21,4,140.0,20,53700000
3,42,4,89.5,20,39200000
25,28,4,135.1,20,63000000
8,9,4,129.0,20,60200000
22,22,4,140.0,20,66100000
12,31,3,64.0,20,34700000
53,57,3,75.2,20,34600000
21,28,3,100.0,20,52800000
12,28,3,116.0,20,44500000
8,21,3,86.1,20,41500000
13,28,3,90.0,20,47500000
6,7,3,80.0,20,26600000
10,16,3,61.2,20,28000000
2,21,3,85.0,20,36500000
25,28,3,108.6,20,38800000
12,31,3,64.0,20,34700000
53,57,3,75.2,20,34600000
21,28,3,100.0,20,52800000
12,28,3,116.0,20,44500000
8,21,3,86.1,20,41500000
13,28,3,90.0,20,47500000
6,7,3,80.0,20,26600000
10,16,3,61.2,20,28000000
2,21,3,85.0,20,36500000
14,17,2,50.3,20,20100000
13,21,2,43.5,20,18800000
13,21,2,70.0,20,31500000
2,8,2,44.0,20,19000000
9,28,2,72.0,20,32600000
2,5,2,41.4,20,13000000
5,16,2,71.0,20,29500000
10,28,2,64.0,20,34700000
12,13,2,70.0,20,37900000
3,25,2,43.2,20,19800000
6,25,2,68.4,20,29500000
3,21,2,70.0,20,32100000
6,15,2,70.0,20,32100000
17,28,2,60.9,20,31000000
5,28,2,86.7,20,47000000
5,9,1,35.0,21,10700000
5,12,2,52.1,21,14100000
3,9,2,44.4,21,11100000
4,9,2,43.9,21,12400000
10,17,5,153.8,21,46300000
5,5,3,73.0,21,23000000
1,5,3,75.0,21,21400000
5,5,3,73.0,21,23000000
1,5,3,75.0,21,21400000
5,12,2,52.1,21,14100000
3,9,2,44.4,21,11100000
4,9,2,43.9,21,12400000
4,6,2,72.0,22,84800000
9,9,2,49.0,22,30500000
4,4,2,68.5,22,66700000
3,6,2,70.0,22,82400000
3,6,2,150.8,22,145600000
12,26,2,54.2,22,52300000
7,8,4,190.0,22,192500000
11,16,4,196.0,22,159600000
5,6,4,95.0,22,80900000
3,6,4,201.0,22,151200000
3,5,4,201.0,22,151200000
3,6,4,200.0,22,150500000
5,8,4,330.0,22,372700000
2,7,4,161.6,22,259500000
2,6,4,166.0,22,125700000
2,7,4,161.6,22,259500000
9,16,4,205.0,22,167000000
2,6,4,165.7,22,132300000
7,7,4,212.3,22,202600000
5,6,4,113.5,22,68400000
5,7,4,125.7,22,135500000
6,7,4,230.7,22,221000000
1,5,4,81.0,22,44400000
5,6,4,113.0,22,68100000
4,6,4,110.0,22,65300000
4,6,4,110.0,22,68700000
2,6,4,165.7,22,124400000
3,5,4,201.0,22,151200000
7,17,4,208.0,22,250600000
12,12,4,176.0,22,211200000
3,6,4,71.0,22,46000000
7,8,3,138.5,22,96800000
8,8,3,81.0,22,44100000
8,8,3,81.0,22,44100000
14,17,3,118.4,22,75200000
5,7,3,104.0,22,119300000
9,16,3,206.0,22,158800000
2,6,3,93.8,22,84600000
4,6,3,140.0,22,106500000
6,13,3,154.0,22,136000000
4,6,3,103.0,22,69200000
7,7,3,132.1,22,78100000
4,6,3,78.0,22,89500000
7,7,3,138.0,22,95200000
4,7,3,140.0,22,174000000
4,16,3,139.0,22,102400000
6,7,3,93.0,22,106100000
6,13,3,134.0,22,118400000
5,6,3,84.6,22,62400000
2,7,3,93.4,22,84300000
4,7,3,88.0,22,65300000
7,8,3,138.5,22,96800000
8,8,3,81.0,22,44100000
8,8,3,81.0,22,44100000
14,17,3,118.4,22,75200000
5,7,3,104.0,22,119300000
9,16,3,206.0,22,158800000
2,6,3,93.8,22,84600000
4,6,3,140.0,22,106500000
6,13,3,154.0,22,136000000
4,6,3,103.0,22,69200000
7,7,3,132.1,22,78100000
4,6,3,78.0,22,89500000
7,7,3,138.0,22,95200000
4,7,3,140.0,22,174000000
4,16,3,139.0,22,102400000
6,7,3,93.0,22,106100000
6,13,3,134.0,22,118400000
5,6,3,84.6,22,62400000
2,7,3,93.4,22,84300000
4,7,3,88.0,22,65300000
4,6,2,72.0,22,84800000
9,9,2,49.0,22,30500000
4,4,2,68.5,22,66700000
3,6,2,70.0,22,82400000
3,6,2,150.8,22,145600000
12,26,2,54.2,22,52300000
4,9,1,32.4,23,10000000
6,28,1,34.0,23,17500000
11,27,1,39.8,23,17500000
4,9,1,30.0,23,10800000
13,23,2,48.0,23,22100000
19,27,2,60.0,23,24000000
9,29,4,79.5,23,39400000
7,13,4,120.0,23,54100000
27,28,4,110.1,23,44400000
4,5,4,99.1,23,29400000
20,26,4,102.4,23,36300000
12,28,4,111.0,23,44800000
3,16,3,51.3,23,18300000
2,10,3,54.5,23,21200000
4,12,3,76.4,23,35900000
19,28,3,86.0,23,34300000
9,10,3,84.3,23,25300000
3,16,3,51.3,23,18300000
2,10,3,54.5,23,21200000
4,12,3,76.4,23,35900000
19,28,3,86.0,23,34300000
9,10,3,84.3,23,25300000
13,23,2,48.0,23,22100000
19,27,2,60.0,23,24000000
18,24,2,53.0,23,19300000
2,27,2,70.0,23,31400000
3,9,1,38.0,24,13800000
8,14,1,26.9,24,16700000
2,8,1,48.7,24,28900000
6,11,1,40.6,24,22200000
1,14,1,44.1,24,28400000
2,31,1,47.2,24,23800000
6,8,2,56.0,24,76100000
4,14,2,45.0,24,25400000
1,12,2,113.0,24,144900000
3,13,2,69.23,24,48000000
3,12,2,66.0,24,89700000
7,16,2,74.0,24,33500000
7,22,2,75.0,24,33900000
6,12,2,59.2,24,80500000
3,8,2,66.0,24,89700000
3,26,2,86.7,24,36900000
1,14,2,49.0,24,28400000
27,41,2,41.1,24,16000000
7,14,2,69.0,24,38900000
25,52,2,70.0,24,35500000
3,28,2,50.4,24,26800000
8,22,2,87.2,24,37200000
20,21,2,87.0,24,52300000
10,17,2,41.2,24,20300000
5,22,2,78.8,24,33600000
8,32,2,84.0,24,34800000
9,14,2,67.0,24,38600000
3,14,2,70.2,24,39600000
3,12,2,66.0,24,89700000
33,41,2,67.0,24,32400000
2,17,2,65.0,24,22900000
4,14,2,43.0,24,24300000
12,14,2,49.2,24,28300000
3,14,2,68.7,24,46700000
22,33,4,181.4,24,143500000
22,33,4,181.4,24,143500000
14,52,4,107.7,24,53600000
2,6,4,214.0,24,275700000
4,12,4,101.0,24,64900000
2,14,4,131.0,24,80000000
11,38,4,150.0,24,75100000
6,12,4,137.0,24,89100000
6,8,4,170.0,24,226600000
2,6,4,214.0,24,275700000
3,8,4,180.0,24,200700000
25,53,4,150.7,24,94200000
8,9,4,150.0,24,199900000
44,53,4,158.0,24,98800000
1,12,4,226.0,24,284100000
12,52,4,107.0,24,67300000
31,53,4,163.0,24,129000000
14,22,4,140.0,24,61500000
9,14,4,101.1,24,65000000
3,14,4,92.0,24,50700000
44,53,4,157.0,24,105600000
22,53,4,130.0,24,102900000
8,9,4,150.0,24,199900000
3,14,4,92.0,24,50700000
11,17,4,140.0,24,81200000
21,44,4,133.0,24,87600000
3,10,4,106.0,24,55200000
3,18,4,102.0,24,53100000
21,44,4,134.0,24,88200000
40,53,4,165.0,24,130500000
40,54,4,165.0,24,130500000
7,19,4,137.0,24,94300000
22,39,4,98.1,24,39800000
3,10,4,180.0,24,200700000
8,14,4,94.0,24,50900000
4,10,4,199.0,24,175400000
18,44,4,195.0,24,162500000
3,9,4,238.2,24,317500000
6,25,4,98.0,24,43800000
10,25,4,98.0,24,55400000
4,24,4,133.0,24,85500000
10,11,4,100.4,24,51100000
13,32,4,117.0,24,77200000
36,38,4,146.0,24,84300000
31,39,4,106.0,24,43000000
44,53,4,157.0,24,98200000
5,12,4,155.2,24,111400000
12,41,4,97.0,24,48200000
10,19,4,185.0,24,73100000
4,6,4,190.6,24,199800000
13,14,4,95.3,24,52700000
36,48,4,145.0,24,83700000
2,14,4,130.4,24,79600000
3,18,4,149.0,24,91200000
10,14,4,129.5,24,78800000
4,12,4,102.2,24,66400000
8,12,4,136.9,24,89000000
2,17,4,160.0,24,95200000
5,19,4,160.0,24,87000000
38,39,4,233.0,24,118000000
3,17,4,194.0,24,118800000
14,17,4,186.5,24,119200000
31,37,4,96.0,24,41300000
8,27,4,108.0,24,46600000
4,40,4,81.4,24,41800000
30,40,4,94.0,24,48300000
7,14,4,95.7,24,51800000
10,14,4,91.5,24,51700000
28,51,4,108.9,24,54200000
5,14,4,98.0,24,54200000
6,14,4,98.0,24,55300000
4,32,4,145.0,24,65200000
4,32,4,145.0,24,65200000
22,27,4,146.8,24,63400000
4,21,4,150.0,24,72800000
13,14,4,95.0,24,52500000
8,14,4,92.8,24,64800000
2,14,4,130.4,24,79600000
2,12,4,136.5,24,86200000
6,12,4,136.5,24,88700000
19,53,4,144.4,24,101600000
5,12,4,136.5,24,87700000
8,12,4,136.9,24,88000000
8,12,4,137.0,24,89100000
25,33,4,151.0,24,94400000
12,13,4,148.0,24,103600000
8,9,4,191.0,24,254600000
2,10,4,262.02,24,337600000
36,52,3,78.0,24,46500000
8,53,3,150.0,24,112300000
11,53,3,96.0,24,71900000
5,15,3,128.6,24,73100000
25,34,3,135.0,24,101100000
22,53,3,130.0,24,97400000
6,8,3,111.0,24,143400000
4,14,3,101.0,24,62900000
13,20,3,110.9,24,62000000
11,12,3,73.0,24,46000000
15,44,3,117.0,24,92300000
9,12,3,101.1,24,63000000
10,14,3,70.2,24,47500000
14,33,3,86.2,24,41900000
10,53,3,94.3,24,70600000
3,8,3,111.0,24,143400000
3,8,3,111.0,24,143400000
6,12,3,110.9,24,143300000
15,19,3,106.0,24,59000000
9,27,3,72.0,24,36000000
30,34,3,108.0,24,80900000
18,40,3,85.0,24,41300000
8,29,3,80.0,24,37100000
13,44,3,110.0,24,86800000
15,19,3,114.8,24,78100000
26,37,3,77.3,24,37200000
40,51,3,78.0,24,37600000
12,51,3,76.0,24,36600000
4,24,3,136.0,24,105300000
40,52,3,78.0,24,40300000
11,25,3,134.0,24,56100000
15,18,3,115.0,24,71800000
22,53,3,130.0,24,97400000
29,40,3,192.0,24,104900000
3,15,3,104.5,24,63700000
4,15,3,62.3,24,30700000
3,8,3,70.5,24,29900000
15,37,3,82.5,24,32500000
20,35,3,86.1,24,33900000
20,31,3,64.0,24,28600000
3,14,3,68.7,24,36800000
35,38,3,109.4,24,48400000
15,51,3,76.0,24,45300000
9,51,3,69.0,24,33300000
3,14,3,70.0,24,37500000
3,14,3,72.0,24,41500000
9,32,3,118.0,24,73800000
4,31,3,72.0,24,30400000
25,28,3,68.8,24,33500000
9,18,3,115.4,24,72100000
9,29,3,118.0,24,54700000
8,18,3,84.0,24,44900000
2,14,3,72.0,24,42400000
6,14,3,81.0,24,49300000
9,13,3,68.4,24,42700000
7,18,3,90.0,24,61200000
4,15,3,62.5,24,30800000
2,14,3,69.9,24,41400000
6,14,3,81.0,24,49300000
3,12,3,73.0,24,46000000
11,14,3,73.0,24,46000000
2,19,3,101.0,24,69800000
8,12,3,137.0,24,86400000
11,16,3,68.0,24,21700000
3,43,3,72.0,24,26600000
3,37,3,78.0,24,32200000
15,31,3,82.5,24,34900000
12,38,3,86.0,24,33800000
30,35,3,62.5,24,29900000
2,14,3,66.3,24,36900000
2,8,3,66.4,24,32600000
15,43,3,75.0,24,34200000
26,43,3,78.0,24,35600000
9,14,3,67.1,24,35900000
9,14,3,67.0,24,36700000
11,14,3,68.93,24,37700000
7,14,3,69.0,24,39700000
6,13,3,68.7,24,36600000
6,51,3,83.0,24,40000000
5,13,3,68.6,24,36500000
9,22,3,111.0,24,44900000
36,52,3,78.0,24,46500000
8,53,3,150.0,24,112300000
11,53,3,96.0,24,71900000
5,15,3,128.6,24,73100000
25,34,3,135.0,24,101100000
22,53,3,130.0,24,97400000
6,8,3,111.0,24,143400000
4,14,3,101.0,24,62900000
13,20,3,110.9,24,62000000
11,12,3,73.0,24,46000000
15,44,3,117.0,24,92300000
9,12,3,101.1,24,63000000
10,14,3,70.2,24,47500000
14,33,3,86.2,24,41900000
10,53,3,94.3,24,70600000
3,8,3,111.0,24,143400000
3,8,3,111.0,24,143400000
6,12,3,110.9,24,143300000
15,19,3,106.0,24,59000000
9,27,3,72.0,24,36000000
30,34,3,108.0,24,80900000
18,40,3,85.0,24,41300000
8,29,3,80.0,24,37100000
13,44,3,110.0,24,86800000
15,19,3,114.8,24,78100000
26,37,3,77.3,24,37200000
40,51,3,78.0,24,37600000
12,51,3,76.0,24,36600000
4,24,3,136.0,24,105300000
40,52,3,78.0,24,40300000
11,25,3,134.0,24,56100000
15,18,3,115.0,24,71800000
22,53,3,130.0,24,97400000
29,40,3,192.0,24,104900000
3,15,3,104.5,24,63700000
4,15,3,62.3,24,30700000
3,8,3,70.5,24,29900000
15,37,3,82.5,24,32500000
20,35,3,86.1,24,33900000
20,31,3,64.0,24,28600000
3,14,3,68.7,24,36800000
35,38,3,109.4,24,48400000
15,51,3,76.0,24,45300000
9,51,3,69.0,24,33300000
3,14,3,70.0,24,37500000
3,14,3,72.0,24,41500000
9,32,3,118.0,24,73800000
25,28,3,68.8,24,33500000
9,18,3,115.4,24,72100000
9,29,3,118.0,24,54700000
8,18,3,84.0,24,44900000
2,14,3,72.0,24,42400000
6,14,3,81.0,24,49300000
9,13,3,68.4,24,42700000
7,18,3,90.0,24,61200000
4,15,3,62.5,24,30800000
2,14,3,69.9,24,41400000
6,14,3,81.0,24,49300000
3,12,3,73.0,24,46000000
11,14,3,73.0,24,46000000
2,19,3,101.0,24,69800000
8,12,3,137.0,24,86400000
11,16,3,68.0,24,21700000
3,43,3,72.0,24,26600000
3,37,3,78.0,24,32200000
12,38,3,86.0,24,33800000
30,35,3,62.5,24,29900000
2,14,3,66.3,24,36900000
2,8,3,66.4,24,32600000
15,43,3,75.0,24,34200000
26,43,3,78.0,24,35600000
9,14,3,67.1,24,35900000
9,14,3,67.0,24,36700000
11,14,3,68.93,24,37700000
6,8,2,56.0,24,76100000
4,14,2,45.0,24,25400000
1,12,2,113.0,24,144900000
3,13,2,69.23,24,48000000
3,12,2,66.0,24,89700000
7,16,2,74.0,24,33500000
7,22,2,75.0,24,33900000
6,12,2,59.2,24,80500000
3,8,2,66.0,24,89700000
3,26,2,86.7,24,36900000
1,14,2,49.0,24,28400000
27,41,2,41.1,24,16000000
7,14,2,69.0,24,38900000
25,52,2,70.0,24,35500000
3,28,2,50.4,24,26800000
8,22,2,87.2,24,37200000
20,21,2,87.0,24,52300000
10,17,2,41.2,24,20300000
5,22,2,78.8,24,33600000
8,32,2,84.0,24,34800000
9,14,2,67.0,24,38600000
3,14,2,70.2,24,39600000
3,12,2,66.0,24,89700000
33,41,2,67.0,24,32400000
2,17,2,65.0,24,22900000
4,14,2,43.0,24,24300000
12,14,2,49.2,24,28300000
3,14,2,68.7,24,46700000
4,9,2,44.5,24,15800000
21,41,2,42.0,24,20300000
4,9,2,47.0,24,18800000
5,8,2,46.0,24,24500000
6,27,2,45.0,24,23900000
8,14,2,44.0,24,24700000
18,44,2,47.8,24,23800000
13,29,2,71.0,24,31700000
11,24,2,71.7,24,32300000
15,41,2,54.6,24,27300000
13,14,2,49.2,24,27200000
10,14,2,44.0,24,28100000
14,25,2,80.0,24,34900000
18,27,2,72.3,24,33500000
29,35,2,66.0,24,32600000
20,39,2,64.0,24,31900000
3,14,2,68.7,24,43900000
7,22,2,75.0,24,31900000
7,14,2,68.9,24,38900000
5,22,2,75.0,24,33900000
7,14,2,69.0,24,38900000
9,28,2,74.0,24,39400000
11,12,2,72.9,24,48300000
4,26,1,46.0,25,31100000
11,26,1,46.0,25,31100000
3,25,1,47.0,25,34000000
3,26,1,45.5,25,33700000
18,25,1,42.5,25,15000000
3,26,1,38.4,25,29600000
15,29,1,48.0,25,21800000
5,16,1,20.3,25,6700000
14,24,2,46.0,25,28200000
5,31,2,81.0,25,48300000
6,31,2,81.0,25,44900000
4,9,2,50.0,25,15400000
11,26,2,45.6,25,28000000
14,26,2,51.1,25,31400000
12,25,2,51.0,25,31300000
4,26,2,46.3,25,34300000
18,22,2,53.0,25,33600000
7,27,2,38.0,25,16600000
12,31,2,82.0,25,47700000
3,16,2,39.3,25,12800000
2,16,2,39.8,25,13100000
6,14,2,48.0,25,13900000
3,9,2,47.2,25,13400000
28,32,4,81.0,25,35300000
9,25,4,90.0,25,54200000
18,31,4,180.0,25,107800000
6,23,4,160.0,25,90200000
8,30,4,175.0,25,93800000
12,24,4,114.0,25,43000000
12,29,4,112.0,25,47600000
27,27,4,80.0,25,38000000
12,15,4,176.5,25,63900000
9,30,4,165.1,25,78700000
18,25,4,98.0,25,59000000
14,26,4,104.0,25,62600000
10,30,4,168.0,25,90000000
25,27,4,79.6,25,33800000
13,23,4,125.0,25,37000000
13,25,3,88.4,25,63700000
18,25,3,98.0,25,57200000
5,23,3,128.0,25,68300000
10,26,3,75.0,25,43800000
12,31,3,146.0,25,68700000
22,31,3,140.0,25,79400000
13,26,3,76.0,25,44400000
5,23,3,125.0,25,66700000
3,25,3,103.0,25,39600000
5,23,3,128.0,25,62700000
5,25,3,161.6,25,54400000
12,31,3,82.0,25,43700000
12,30,3,111.0,25,51700000
3,9,3,58.0,25,15100000
22,29,3,60.0,25,24300000
24,29,3,80.0,25,33200000
13,25,3,88.4,25,63700000
18,25,3,98.0,25,57200000
5,23,3,128.0,25,68300000
10,26,3,75.0,25,43800000
12,31,3,146.0,25,68700000
22,31,3,140.0,25,79400000
13,26,3,76.0,25,44400000
5,23,3,125.0,25,66700000
3,25,3,103.0,25,39600000
5,23,3,128.0,25,62700000
5,25,3,161.6,25,54400000
10,17,3,81.6,25,23700000
12,31,3,82.0,25,43700000
12,30,3,111.0,25,51700000
3,9,3,58.0,25,15100000
22,29,3,60.0,25,24300000
24,29,3,80.0,25,33200000
14,24,2,46.0,25,28200000
5,31,2,81.0,25,48300000
6,31,2,81.0,25,44900000
4,9,2,50.0,25,15400000
11,26,2,45.6,25,28000000
8,14,2,41.0,25,13800000
14,26,2,51.1,25,31400000
12,25,2,51.0,25,31300000
4,26,2,46.3,25,34300000
18,22,2,53.0,25,33600000
7,27,2,38.0,25,16600000
12,31,2,82.0,25,47700000
3,16,2,39.3,25,12800000
2,16,2,39.8,25,13100000
6,14,2,48.0,25,13900000
3,9,2,47.2,25,13400000
9,12,1,39.0,26,10000000
6,17,1,38.0,26,11500000
5,6,1,33.0,26,8400000
5,12,1,40.9,26,10900000
13,18,1,36.9,26,10400000
4,22,2,57.7,26,14900000
9,12,2,53.4,26,13200000
12,14,2,53.0,26,14200000
21,22,4,101.0,26,23000000
21,22,4,101.0,26,23000000
3,14,3,73.0,26,21700000
17,17,3,74.7,26,18200000
9,12,3,64.0,26,16200000
3,14,3,73.0,26,21700000
17,17,3,74.7,26,18200000
9,12,3,64.0,26,16200000
4,22,2,57.7,26,14900000
14,25,2,40.9,26,13500000
9,12,2,53.4,26,13200000
12,14,2,53.0,26,14200000
3,5,1,46.0,27,51000000
3,5,1,46.3,27,51400000
14,14,2,100.0,27,72800000
3,5,2,44.0,27,44300000
3,5,2,41.7,27,45900000
3,5,2,44.27,27,48700000
3,5,2,44.27,27,44600000
8,14,2,73.0,27,59200000
6,7,2,68.6,27,51500000
4,5,2,64.0,27,64500000
5,6,2,67.4,27,31700000
4,5,2,105.3,27,57800000
3,11,4,145.0,27,121100000
11,12,4,110.5,27,72900000
3,5,4,84.97,27,90200000
2,6,4,184.5,27,258100000
3,9,4,101.0,27,59600000
4,6,4,168.0,27,113500000
4,6,4,165.0,27,111500000
3,5,4,85.0,27,83900000
4,12,4,99.6,27,77900000
2,4,4,73.2,27,39000000
11,15,4,103.7,27,46500000
9,14,4,192.0,27,95800000
3,5,4,86.0,27,84900000
3,5,4,86.0,27,91300000
6,8,4,143.0,27,101600000
9,16,4,143.4,27,119700000
5,6,4,170.0,27,98700000
5,5,4,73.4,27,28000000
2,5,3,88.0,27,51900000
4,12,3,135.0,27,104400000
2,5,3,88.0,27,51900000
7,14,3,118.0,27,57100000
11,12,3,111.0,27,71000000
2,14,3,120.0,27,92600000
3,13,3,134.5,27,97600000
4,12,3,137.0,27,100700000
2,5,3,88.0,27,49300000
13,13,3,99.0,27,60800000
4,12,3,136.0,27,100000000
3,7,3,103.0,27,115700000
3,6,3,126.0,27,118100000
5,8,3,129.3,27,113300000
8,11,3,149.9,27,137800000
13,13,3,103.0,27,63300000
3,4,3,79.0,27,38000000
4,4,3,80.6,27,42100000
4,12,3,136.1,27,105300000
6,8,3,135.2,27,162600000
5,6,3,160.0,27,163300000
5,6,3,81.0,27,36400000
2,5,3,88.0,27,51900000
4,12,3,135.0,27,104400000
2,5,3,88.0,27,51900000
7,14,3,118.0,27,57100000
11,12,3,111.0,27,71000000
2,14,3,120.0,27,92600000
3,13,3,134.5,27,97600000
4,12,3,137.0,27,100700000
2,5,3,88.0,27,49300000
13,13,3,99.0,27,60800000
4,12,3,136.0,27,100000000
3,7,3,103.0,27,115700000
3,6,3,126.0,27,118100000
5,8,3,129.3,27,113300000
8,11,3,149.9,27,137800000
13,13,3,103.0,27,63300000
3,4,3,79.0,27,38000000
4,4,3,80.6,27,42100000
4,12,3,136.1,27,105300000
6,8,3,135.2,27,162600000
5,6,3,160.0,27,163300000
14,14,2,100.0,27,72800000
3,5,2,44.0,27,44300000
3,5,2,41.7,27,45900000
3,5,2,44.27,27,48700000
3,5,2,44.27,27,44600000
8,14,2,73.0,27,59200000
6,7,2,68.6,27,51500000
4,5,2,64.0,27,64500000
5,6,2,67.4,27,31700000
4,5,2,105.3,27,57800000
4,4,2,48.2,27,27300000
3,5,2,63.2,27,30000000
2,7,2,45.5,27,33200000
7,14,2,89.5,27,45500000
3,5,2,41.23,27,41500000
5,14,2,71.1,27,43600000
11,34,1,46.4,28,20700000
10,34,1,42.7,28,19100000
14,34,1,52.0,28,24500000
21,51,2,90.0,28,40700000
33,34,4,121.9,28,48200000
7,16,4,173.0,28,66000000
9,34,4,180.0,28,83900000
22,22,4,100.2,28,35300000
16,51,4,179.0,28,65900000
18,22,4,124.4,28,44400000
7,48,4,141.8,28,66100000
38,51,3,162.0,28,71400000
4,23,3,96.0,28,53800000
38,48,3,162.0,28,65600000
19,51,3,185.0,28,81600000
22,51,3,108.0,28,38600000
12,40,3,101.1,28,56900000
12,40,3,110.0,28,61900000
10,14,3,96.0,28,33800000
17,22,3,79.0,28,27700000
3,40,3,82.0,28,46100000
19,40,3,78.0,28,43900000
8,47,3,101.6,28,37100000
38,51,3,162.0,28,71400000
4,23,3,96.0,28,53800000
38,48,3,162.0,28,65600000
19,51,3,185.0,28,81600000
22,51,3,108.0,28,38600000
12,40,3,101.1,28,56900000
12,40,3,110.0,28,61900000
10,14,3,96.0,28,33800000
17,22,3,79.0,28,27700000
3,40,3,82.0,28,46100000
21,51,2,90.0,28,40700000
1,17,2,56.0,28,18400000
6,34,2,47.4,28,19100000
6,20,2,71.0,28,30400000
6,20,2,70.7,28,30300000
9,9,1,33.0,29,11200000
2,19,2,68.3,29,23900000
4,9,2,44.6,29,14500000
28,33,4,130.0,29,46200000
7,33,4,128.8,29,45800000
2,33,4,142.9,29,52900000
2,19,2,68.3,29,23900000
4,9,2,44.6,29,14500000
16,17,2,51.1,29,19200000
11,17,2,66.3,29,21400000
13,14,1,38.7,30,18200000
6,13,1,26.8,30,11500000
3,5,1,37.0,30,16400000
1,5,1,18.8,30,6000000
9,16,1,35.0,30,17600000
8,16,2,56.1,30,27800000
4,4,2,44.3,30,14100000
6,16,2,78.7,30,41200000
8,16,2,62.7,30,31900000
6,6,2,51.0,30,23300000
3,7,4,118.0,30,124300000
5,6,4,162.2,30,180100000
4,7,4,140.0,30,235100000
3,7,4,118.0,30,124300000
9,10,4,101.1,30,54500000
7,10,4,154.0,30,92400000
5,6,4,245.0,30,296600000
2,5,3,65.7,30,27100000
5,8,3,87.0,30,102400000
5,7,3,182.0,30,296400000
4,6,3,210.0,30,221000000
10,14,3,79.5,30,32300000
5,33,3,115.0,30,99000000
2,3,3,150.1,30,85000000
2,9,3,86.0,30,98300000
2,7,3,86.0,30,98300000
4,6,3,209.0,30,239500000
2,3,3,150.1,30,81000000
5,32,3,95.5,30,129100000
3,6,3,210.9,30,241700000
3,10,3,98.6,30,40600000
2,4,3,133.0,30,75300000
7,14,3,85.0,30,42700000
2,5,3,65.7,30,27100000
5,8,3,87.0,30,102400000
5,7,3,182.0,30,296400000
4,6,3,210.0,30,221000000
10,14,3,79.5,30,32300000
5,33,3,115.0,30,99000000
2,3,3,150.1,30,85000000
2,9,3,86.0,30,98300000
2,7,3,86.0,30,98300000
4,6,3,209.0,30,239500000
2,3,3,150.1,30,81000000
5,32,3,95.5,30,129100000
3,6,3,210.9,30,241700000
3,10,3,98.6,30,40600000
2,4,3,133.0,30,75300000
8,16,2,56.1,30,27800000
4,4,2,44.3,30,14100000
6,16,2,78.7,30,41200000
8,16,2,62.7,30,31900000
6,6,2,51.0,30,23300000
13,16,2,53.7,30,24700000
6,12,1,35.2,31,10100000
11,12,1,35.0,31,11900000
1,5,1,30.0,31,8400000
4,11,2,79.0,31,42500000
1,9,2,38.0,31,11500000
6,8,2,56.5,31,21400000
11,13,2,80.0,31,27700000
12,16,2,57.2,31,16200000
16,17,3,103.0,31,39600000
9,13,3,78.0,31,37600000
16,17,3,103.0,31,39600000
4,11,2,79.0,31,42500000
1,9,2,38.0,31,11500000
6,8,2,56.5,31,21400000
11,13,2,80.0,31,27700000
12,16,2,57.2,31,16200000
7,9,1,34.6,32,13000000
10,14,1,35.1,32,11500000
5,5,1,30.0,32,11500000
15,17,1,38.4,32,16300000
3,5,2,42.6,32,12400000
13,24,4,92.1,32,36800000
6,9,3,56.3,32,23800000
6,9,3,56.3,32,23800000
3,5,2,42.6,32,12400000
22,25,2,60.2,32,20100000
12,28,1,41.0,33,18300000
1,5,1,29.6,33,7200000
8,22,1,33.9,33,10600000
1,5,1,30.9,33,9300000
23,25,1,46.0,33,14700000
15,19,1,40.3,33,18000000
11,17,1,55.8,33,21900000
3,18,2,56.0,33,17700000
2,5,2,52.0,33,13100000
5,9,2,43.0,33,13600000
5,6,4,455.0,33,151400000
2,6,4,198.0,33,139600000
22,22,4,145.0,33,61800000
13,23,4,200.0,33,82700000
7,22,3,46.1,33,15300000
13,25,3,65.7,33,18100000
4,25,3,81.5,33,22500000
7,22,3,46.1,33,15300000
13,25,3,65.7,33,18100000
4,25,3,81.5,33,22500000
3,18,2,56.0,33,17700000
3,3,2,107.8,33,78200000
2,5,2,52.0,33,13100000
5,9,2,43.0,33,13600000
11,25,2,58.0,33,16800000
15,16,2,57.0,33,22700000
2,15,2,66.7,33,22000000
4,9,1,32.7,34,10900000
1,16,1,43.9,34,15100000
1,10,2,67.5,34,18200000
6,31,2,50.0,34,15200000
12,24,3,109.8,34,34600000
2,25,3,111.9,34,33800000
12,24,3,109.8,34,34600000
2,25,3,111.9,34,33800000
1,10,2,67.5,34,18200000
6,31,2,50.0,34,15200000
14,40,2,97.9,34,31800000
5,6,1,43.0,35,26600000
10,16,1,35.0,35,15100000
2,8,1,47.0,35,30600000
5,7,2,70.2,35,31300000
5,6,2,70.0,35,41600000
3,20,2,64.0,35,39200000
9,37,2,46.0,35,33800000
13,16,2,75.3,35,45200000
15,15,2,64.0,35,33900000
6,6,4,324.5,35,197900000
17,20,4,116.4,35,73400000
15,15,4,103.0,35,56200000
20,36,4,123.0,35,59600000
22,36,4,122.0,35,59200000
5,8,4,100.6,35,42000000
2,6,4,105.0,35,36600000
7,17,3,75.7,35,45000000
14,20,3,94.0,35,56100000
10,16,3,67.8,35,48500000
14,20,3,94.0,35,56100000
6,6,3,135.0,35,63100000
3,19,3,67.0,35,39800000
13,17,3,85.0,35,48500000
6,18,3,87.0,35,51700000
20,21,3,92.0,35,56200000
8,13,3,90.0,35,42900000
12,18,3,86.6,35,41600000
3,24,3,107.6,35,75600000
2,13,3,73.0,35,26100000
4,7,3,77.1,35,30000000
2,18,3,70.0,35,32100000
8,16,3,83.0,35,39500000
7,17,3,75.7,35,45000000
14,20,3,94.0,35,56100000
10,16,3,67.8,35,48500000
14,20,3,94.0,35,56100000
6,6,3,135.0,35,63100000
3,19,3,67.0,35,39800000
13,17,3,85.0,35,48500000
6,18,3,87.0,35,51700000
20,21,3,92.0,35,56200000
8,13,3,90.0,35,42900000
12,18,3,86.6,35,41600000
3,24,3,107.6,35,75600000
2,13,3,73.0,35,26100000
4,7,3,77.1,35,30000000
2,18,3,70.0,35,32100000
8,16,3,83.0,35,39500000
5,7,2,70.2,35,31300000
5,6,2,70.0,35,41600000
3,20,2,64.0,35,39200000
13,16,2,75.3,35,45200000
15,15,2,64.0,35,33900000
3,18,2,50.0,35,28200000
8,19,2,62.3,35,38000000
2,7,2,82.6,35,48900000
9,9,1,40.0,36,10200000
15,17,1,38.0,36,10200000
5,5,1,23.0,36,6500000
4,9,1,35.5,36,10200000
2,9,1,32.9,36,8800000
9,9,1,33.0,36,9600000
3,9,3,54.5,36,12800000
3,9,3,54.5,36,12800000
10,22,1,36.19,37,14300000
4,12,1,35.0,37,9400000
14,22,1,40.0,37,15900000
16,39,1,36.6,37,15800000
2,22,1,37.0,37,14800000
1,9,1,34.0,37,10200000
7,12,1,35.5,37,11400000
29,33,2,49.6,37,20300000
36,44,2,50.53,37,19500000
3,12,2,38.0,37,11500000
3,17,4,145.0,37,39600000
2,15,4,87.0,37,37600000
6,44,3,58.6,37,21500000
9,12,3,64.0,37,16000000
6,44,3,58.6,37,21500000
9,12,3,64.0,37,16000000
29,33,2,49.6,37,20300000
36,44,2,50.53,37,19500000
3,12,2,38.0,37,11500000
17,45,2,46.0,37,20700000
9,43,2,70.5,37,27200000
2,5,1,36.2,38,10900000
3,5,1,20.2,38,5200000
6,6,1,16.5,38,5900000
1,5,1,28.6,38,7900000
5,9,2,40.0,38,14200000
7,9,2,37.5,38,13400000
12,14,3,77.0,38,25600000
2,14,3,70.2,38,22300000
12,14,3,77.0,38,25600000
2,14,3,70.2,38,22300000
5,9,2,40.0,38,14200000
7,9,2,37.5,38,13400000
8,9,1,33.0,39,11700000
9,26,1,52.0,39,24600000
1,9,1,32.0,39,10400000
12,17,1,39.5,39,15600000
23,23,2,55.0,39,14800000
7,9,2,38.0,39,14100000
6,9,2,37.3,39,13900000
7,20,4,177.8,39,84500000
29,31,4,141.3,39,53700000
20,24,3,80.0,39,26800000
11,17,3,76.5,39,29700000
20,24,3,80.0,39,26800000
11,17,3,76.5,39,29700000
23,23,2,55.0,39,14800000
7,9,2,38.0,39,14100000
6,9,2,37.3,39,13900000
16,22,2,56.0,39,20300000
11,14,2,72.7,39,26000000
24,32,2,62.6,39,32400000
29,34,1,42.5,40,13500000
17,17,1,38.0,40,11400000
2,14,1,38.3,40,9800000
9,17,1,38.0,40,9600000
4,10,1,37.8,40,10100000
3,31,1,11.2,40,3500000
11,14,1,36.6,40,9800000
4,4,1,39.2,40,9600000
3,14,1,37.7,40,10000000
3,14,1,38.3,40,10600000
23,31,2,63.0,40,17100000
29,31,2,47.4,40,12900000
9,17,2,50.8,40,10600000
5,10,4,91.0,40,21400000
3,10,4,118.0,40,25500000
3,14,3,80.0,40,17900000
2,22,3,90.0,40,19100000
2,33,3,92.3,40,25200000
3,14,3,80.0,40,17900000
2,22,3,90.0,40,19100000
2,33,3,92.3,40,25200000
23,31,2,63.0,40,17100000
29,31,2,47.4,40,12900000
9,17,2,50.8,40,10600000
4,9,2,43.9,41,13400000
1,5,2,45.0,41,14300000
2,10,2,37.0,41,13000000
4,38,2,65.0,41,21800000
22,59,4,126.0,41,34400000
7,38,3,95.7,41,27900000
37,58,3,129.0,41,48200000
14,58,3,128.0,41,47900000
24,38,3,98.0,41,35300000
12,59,3,167.0,41,54600000
47,59,3,138.0,41,36500000
11,38,3,109.0,41,39300000
5,58,3,165.0,41,61700000
7,38,3,95.7,41,27900000
37,58,3,129.0,41,48200000
14,58,3,128.0,41,47900000
24,38,3,98.0,41,35300000
12,59,3,167.0,41,54600000
47,59,3,138.0,41,36500000
11,38,3,109.0,41,39300000
5,58,3,165.0,41,61700000
4,9,2,43.9,41,13400000
1,5,2,45.0,41,14300000
2,10,2,37.0,41,13000000
4,38,2,65.0,41,21800000
3,11,1,34.5,42,12800000
7,23,1,38.0,42,11100000
1,14,1,24.1,42,6900000
11,17,1,37.8,42,11600000
14,23,1,53.0,42,15600000
10,12,1,39.0,42,9600000
4,22,1,38.0,42,11600000
2,9,2,37.0,42,9700000
25,25,2,92.0,42,21900000
7,17,2,64.6,42,15200000
6,19,2,65.7,42,18700000
8,9,2,48.0,42,13800000
4,9,4,63.1,42,15400000
2,9,3,63.6,42,16700000
16,22,3,86.0,42,23800000
12,14,3,86.0,42,28000000
2,9,3,63.6,42,16700000
16,22,3,86.0,42,23800000
12,14,3,86.0,42,28000000
2,9,2,37.0,42,9700000
25,25,2,92.0,42,21900000
7,17,2,64.6,42,15200000
6,19,2,65.7,42,18700000
8,9,2,48.0,42,13800000
11,19,2,64.3,42,18300000
2,9,1,36.6,43,11200000
8,17,1,37.9,43,10700000
3,9,1,32.0,44,10800000
8,12,1,34.9,44,10200000
16,16,1,38.6,44,9900000
2,17,1,37.3,44,9600000
2,12,1,35.1,44,10100000
5,5,1,31.3,44,9500000
10,12,2,44.7,44,10700000
8,9,2,36.0,44,10200000
10,12,2,44.7,44,10700000
8,9,2,36.0,44,10200000
4,9,1,32.6,45,9200000
1,12,1,39.2,45,9800000
7,9,1,29.9,45,8700000
7,9,2,45.5,45,11900000
14,14,3,63.1,45,15300000
14,14,3,63.1,45,15300000
7,9,2,45.5,45,11900000
8,17,1,38.0,46,10700000
9,9,1,36.0,46,10500000
15,19,1,38.5,46,11600000
2,12,1,31.05,46,10000000
12,22,1,38.4,46,11900000
13,16,1,42.0,46,11800000
7,22,2,58.0,46,18200000
13,16,2,65.0,46,18400000
2,9,3,62.0,46,16200000
2,9,3,58.3,46,13400000
8,9,3,58.6,46,15200000
2,9,3,62.0,46,16200000
2,9,3,58.3,46,13400000
8,9,3,58.6,46,15200000
7,22,2,58.0,46,18200000
13,16,2,65.0,46,18400000
15,21,2,56.6,46,18400000
8,9,1,35.0,47,10600000
11,12,1,32.1,47,11000000
10,12,1,38.8,47,10500000
6,12,1,34.9,47,10400000
3,9,1,32.9,47,10700000
1,9,2,44.3,47,12000000
8,9,2,41.0,47,13100000
6,9,4,65.0,47,15900000
3,22,3,75.5,47,22500000
3,22,3,75.5,47,22500000
1,9,2,44.3,47,12000000
8,9,2,41.0,47,13100000
9,16,1,36.0,48,10000000
13,16,1,37.5,48,10800000
1,12,1,33.0,48,8000000
9,9,1,34.0,48,9600000
4,4,1,35.6,49,9900000
11,24,2,46.5,49,20900000
1,16,2,51.6,49,14500000
20,33,3,79.7,49,26000000
20,33,3,79.7,49,26000000
11,24,2,46.5,49,20900000
1,16,2,51.6,49,14500000
12,12,1,38.7,50,9700000
7,9,1,32.5,50,9300000
10,12,1,31.9,50,9100000
12,12,1,38.9,50,11100000
3,9,2,44.5,50,12000000
3,9,2,47.0,50,13900000
11,25,2,54.8,50,16600000
3,16,2,36.2,50,13500000
17,17,3,75.0,50,18600000
17,17,3,74.8,50,17600000
17,17,3,75.0,50,18600000
17,17,3,74.8,50,17600000
3,9,2,44.5,50,12000000
3,9,2,47.0,50,13900000
11,25,2,54.8,50,16600000
3,16,2,36.2,50,13500000
11,25,2,52.3,50,17600000
25,25,1,46.3,51,15400000
6,14,1,35.1,51,10900000
6,23,1,37.7,51,13600000
1,9,1,31.6,51,10300000
2,16,1,36.0,51,11200000
2,6,4,111.8,51,37400000
11,22,3,98.6,51,32500000
2,22,3,107.2,51,26800000
11,22,3,98.6,51,32500000
2,22,3,107.2,51,26800000
1,9,1,39.6,52,11100000
9,9,2,59.0,52,15400000
9,9,2,59.0,52,15400000
4,5,1,51.4,53,12200000
2,23,1,42.0,53,11800000
1,5,1,30.0,53,8300000
2,15,1,40.4,53,11600000
13,23,1,45.2,53,16000000
11,12,1,35.0,53,10000000
4,12,1,35.0,53,9100000
6,9,1,32.8,53,9100000
6,9,1,32.9,53,9300000
1,9,2,42.8,53,11300000
6,9,2,45.3,53,12200000
3,5,3,70.0,53,17500000
17,17,3,83.5,53,28000000
3,5,3,70.0,53,17500000
17,17,3,83.5,53,28000000
1,9,2,42.8,53,11300000
6,9,2,45.3,53,12200000
17,25,2,65.0,53,20400000
3,9,1,38.7,54,10700000
12,14,1,39.3,54,11000000
5,5,1,32.0,54,9000000
3,9,2,38.0,54,10200000
6,12,2,52.7,54,16300000
1,5,3,78.0,54,22500000
8,16,3,65.8,54,17400000
8,16,3,65.8,54,16700000
13,14,3,74.3,54,19400000
20,24,3,62.2,54,23200000
1,5,3,78.0,54,22500000
8,16,3,65.8,54,17400000
8,16,3,65.8,54,16700000
13,14,3,74.3,54,19400000
20,24,3,62.2,54,23200000
3,9,2,38.0,54,10200000
6,12,2,52.7,54,16300000
15,30,1,37.5,55,13800000
3,9,1,36.8,55,15400000
23,30,1,40.6,55,15100000
7,9,2,39.5,55,12300000
8,9,2,38.2,55,14100000
3,7,4,100.0,55,31000000
7,30,4,113.0,55,53100000
7,30,3,93.7,55,41700000
4,30,3,115.6,55,51400000
1,7,3,93.3,55,27800000
7,10,3,73.0,55,22600000
20,30,3,90.0,55,29000000
7,30,3,93.7,55,41700000
4,30,3,115.6,55,51400000
1,7,3,93.3,55,27800000
7,10,3,73.0,55,22600000
20,30,3,90.0,55,29000000
7,9,2,39.5,55,12300000
8,9,2,38.2,55,14100000
22,22,2,58.3,55,20800000
8,30,2,63.0,55,27300000
15,22,1,38.6,56,13100000
13,16,2,51.0,56,14200000
2,17,2,60.0,56,16300000
6,9,2,44.0,56,14000000
2,14,2,47.0,56,11400000
9,9,4,63.0,56,17500000
9,9,3,57.8,56,13900000
9,9,3,57.8,56,13900000
13,16,2,51.0,56,14200000
2,17,2,60.0,56,16300000
6,9,2,44.0,56,14000000
2,14,2,47.0,56,11400000
5,12,1,37.8,57,8200000
2,19,1,38.3,57,10700000
6,19,1,40.5,57,10000000
17,17,1,38.0,57,8400000
18,22,2,57.0,57,12000000
2,25,2,55.7,57,13300000
11,17,2,64.0,57,14800000
14,19,3,80.0,57,20300000
11,19,3,80.0,57,16400000
5,17,3,74.7,57,13800000
6,17,3,75.1,57,16700000
17,17,3,74.5,57,19100000
14,19,3,80.0,57,20300000
11,19,3,80.0,57,16400000
5,17,3,74.7,57,13800000
6,17,3,75.1,57,16700000
17,17,3,74.5,57,19100000
18,22,2,57.0,57,12000000
2,25,2,55.7,57,13300000
11,17,2,64.0,57,14800000
2,9,1,34.1,58,20000000
6,22,2,49.8,58,36400000
3,6,3,90.0,58,42500000
3,19,3,88.4,58,47200000
4,6,3,80.0,58,38300000
12,18,3,117.9,58,66900000
5,8,3,67.0,58,27900000
3,19,3,89.0,58,43600000
6,6,3,107.0,58,56900000
3,6,3,90.0,58,42500000
3,19,3,88.4,58,47200000
4,6,3,80.0,58,38300000
12,18,3,117.9,58,66900000
5,8,3,67.0,58,27900000
3,19,3,89.0,58,43600000
6,6,3,107.0,58,56900000
6,22,2,49.8,58,36400000
4,8,2,45.2,58,19600000
1,9,2,38.9,58,16300000
22,22,2,55.7,58,33600000
12,17,1,37.9,59,11400000
10,14,1,38.8,59,10400000
5,17,2,58.7,59,16000000
8,17,2,51.6,59,13900000
5,17,2,58.7,59,16000000
8,17,2,51.6,59,13900000
2,17,1,40.2,60,10800000
1,4,2,54.1,60,15000000
1,4,2,54.1,60,15000000
11,24,1,43.5,61,14200000
11,12,1,38.6,61,13300000
3,12,1,40.1,61,14500000
23,27,2,46.0,61,16600000
11,15,2,34.8,61,10800000
3,12,2,46.0,61,14700000
2,8,4,86.0,61,29800000
15,32,4,109.6,61,29300000
4,9,3,88.0,61,33300000
4,9,3,88.0,61,33300000
23,27,2,46.0,61,16600000
11,15,2,34.8,61,10800000
3,12,2,46.0,61,14700000
5,17,2,64.5,61,22400000
8,9,1,32.4,62,12300000
17,19,1,37.0,62,23700000
3,6,2,67.2,62,30200000
9,16,2,39.4,62,17300000
4,8,2,50.0,62,35900000
12,19,4,123.0,62,88800000
3,8,4,95.6,62,48600000
8,9,3,72.8,62,29700000
7,8,3,80.0,62,33800000
8,15,3,84.8,62,41900000
15,19,3,81.0,62,44800000
5,10,3,77.4,62,34700000
8,9,3,72.8,62,29700000
7,8,3,80.0,62,33800000
8,15,3,84.8,62,41900000
15,19,3,81.0,62,44800000
5,10,3,77.4,62,34700000
3,6,2,67.2,62,30200000
9,16,2,39.4,62,17300000
4,8,2,50.0,62,35900000
3,9,2,46.0,62,20700000
6,8,2,57.0,62,23600000
10,14,2,46.3,63,14800000
4,14,2,44.7,63,13400000
3,9,2,35.5,63,11800000
5,7,2,57.0,63,20100000
9,9,3,58.7,63,19100000
1,3,3,85.1,63,20100000
6,24,3,90.0,63,43300000
9,9,3,58.7,63,19100000
1,3,3,85.1,63,20100000
10,14,2,46.3,63,14800000
4,14,2,44.7,63,13400000
3,9,2,35.5,63,11800000
5,7,2,57.0,63,20100000
8,24,2,52.4,63,29000000
7,21,2,62.0,63,27700000
4,33,1,42.9,64,21900000
6,11,1,43.0,64,22000000
2,18,1,32.06,64,8300000
6,8,1,29.4,64,11700000
4,15,1,37.5,64,19300000
16,18,1,32.2,64,9100000
7,35,2,66.0,64,26000000
7,15,2,63.3,64,29400000
8,9,2,37.3,64,13400000
3,35,2,42.7,64,20900000
3,4,2,44.5,64,13600000
4,11,3,98.0,64,37900000
5,7,3,77.3,64,26500000
25,35,3,57.0,64,26400000
7,8,3,72.0,64,23600000
4,11,3,98.0,64,37900000
5,7,3,77.3,64,26500000
25,35,3,57.0,64,26400000
7,8,3,72.0,64,23600000
7,35,2,66.0,64,26000000
7,15,2,63.3,64,29400000
8,9,2,37.3,64,13400000
3,35,2,42.7,64,20900000
3,4,2,44.5,64,13600000
5,9,2,42.3,64,17000000
15,16,2,52.4,64,17600000
9,11,2,42.7,64,20900000
6,9,1,41.0,65,13900000
9,16,1,21.0,65,6800000
12,12,1,39.2,65,10400000
2,12,1,38.4,65,10900000
5,16,2,40.0,65,11100000
5,17,2,55.9,65,19900000
4,12,2,45.0,65,13000000
31,33,2,61.9,65,20900000
2,12,2,45.7,65,12300000
5,20,3,82.3,65,29700000
2,12,3,64.2,65,17500000
5,20,3,82.3,65,29700000
2,12,3,64.2,65,17500000
5,16,2,40.0,65,11100000
5,17,2,55.9,65,19900000
4,12,2,45.0,65,13000000
31,33,2,61.9,65,20900000
2,12,2,45.7,65,12300000
10,12,1,35.0,66,9900000
12,12,1,38.2,66,11300000
3,9,2,45.7,67,13100000
4,9,2,45.0,67,14000000
5,19,4,92.0,67,41800000
3,5,3,77.0,67,20300000
19,19,3,83.8,67,34000000
3,5,3,77.0,67,20300000
19,19,3,83.8,67,34000000
3,9,2,45.7,67,13100000
4,9,2,45.0,67,14000000
5,23,2,60.0,67,23500000
3,18,1,47.5,68,15900000
9,9,1,32.3,68,10600000
7,9,1,27.0,68,9200000
2,9,3,50.0,68,14300000
4,9,3,50.0,68,13700000
8,9,3,68.3,68,16800000
2,9,3,50.0,68,14300000
4,9,3,50.0,68,13700000
8,9,3,68.3,68,16800000
21,22,2,60.0,68,17900000
6,16,2,54.0,68,15000000
2,4,1,46.0,69,8800000
23,32,1,37.1,69,14200000
2,9,1,31.0,69,10500000
5,9,2,46.1,69,14600000
2,5,2,44.0,69,11800000
7,16,3,67.8,69,19000000
18,29,3,107.3,69,40700000
7,16,3,67.8,69,19000000
18,29,3,107.3,69,40700000
5,9,2,46.1,69,14600000
2,5,2,44.0,69,11800000
23,25,1,36.0,70,14600000
4,5,1,35.4,70,12700000
2,5,2,55.1,70,16800000
15,44,4,216.0,70,98100000
7,22,4,143.0,70,72900000
12,12,3,68.8,70,25900000
20,24,3,70.0,70,38200000
6,9,3,60.0,70,19000000
10,12,3,66.4,70,19600000
29,29,3,89.0,70,27100000
12,12,3,68.8,70,25900000
20,24,3,70.0,70,38200000
6,9,3,60.0,70,19000000
10,12,3,66.4,70,19600000
29,29,3,89.0,70,27100000
2,5,2,55.1,70,16800000
4,5,2,42.8,70,14700000
11,12,2,51.9,70,17900000
7,9,2,52.2,70,20600000
1,8,1,15.0,71,4300000
9,11,1,35.7,71,14500000
18,20,1,34.2,71,16600000
17,21,1,42.0,71,22400000
5,14,1,33.0,71,13100000
5,9,1,39.1,71,13200000
17,19,2,87.5,71,44700000
2,9,2,36.0,71,13500000
14,17,2,68.0,71,28800000
3,20,2,63.7,71,27900000
10,21,4,100.0,71,61700000
18,19,4,118.5,71,55700000
7,20,4,108.0,71,44900000
1,11,3,87.6,71,23800000
15,18,3,62.0,71,28100000
13,14,3,85.0,71,32200000
8,18,3,75.5,71,34400000
11,20,3,107.0,71,48800000
5,17,3,93.0,71,37500000
2,22,3,72.0,71,40400000
21,22,3,106.0,71,61200000
4,5,3,72.7,71,18800000
2,22,3,75.4,71,42300000
1,11,3,87.6,71,23800000
15,18,3,62.0,71,28100000
13,14,3,85.0,71,32200000
8,18,3,75.5,71,34400000
11,20,3,107.0,71,48800000
5,17,3,93.0,71,37500000
2,22,3,72.0,71,40400000
21,22,3,106.0,71,61200000
4,5,3,72.7,71,18800000
17,19,2,87.5,71,44700000
2,9,2,36.0,71,13500000
14,17,2,68.0,71,28800000
3,20,2,63.7,71,27900000
3,8,2,54.8,71,19400000
4,19,2,45.15,71,19200000
7,26,2,49.0,71,19600000
1,22,2,62.3,71,34800000
2,6,2,90.0,71,34700000
21,24,1,20.0,72,7000000
2,17,1,37.5,72,10600000
4,12,2,72.5,72,15400000
9,14,2,51.3,72,14100000
4,5,4,63.0,72,14900000
9,16,3,64.3,72,13900000
5,14,3,95.7,72,24600000
9,16,3,64.3,72,13900000
5,14,3,95.7,72,24600000
4,12,2,72.5,72,15400000
9,14,2,51.3,72,14100000
12,12,1,39.0,73,11100000
5,12,1,34.8,73,10000000
4,12,1,36.0,73,9700000
6,14,2,53.3,73,13700000
33,39,2,69.2,73,20700000
2,17,2,45.0,73,14900000
5,9,3,60.0,73,14100000
37,39,3,75.2,73,24700000
5,9,3,60.0,73,14100000
37,39,3,75.2,73,24700000
6,14,2,53.3,73,13700000
33,39,2,69.2,73,20700000
2,17,2,45.0,73,14900000
9,14,1,35.3,74,11600000
5,15,4,142.0,74,73700000
5,15,4,142.0,74,73700000
8,9,4,107.1,74,39800000
1,6,4,77.2,74,25700000
5,12,3,85.7,74,43900000
4,12,3,83.5,74,42800000
4,7,3,110.0,74,47000000
5,12,3,85.0,74,43500000
16,30,3,130.0,74,53300000
5,12,3,83.67,74,42900000
7,9,3,78.0,74,25300000
3,6,3,90.4,74,38100000
1,6,3,63.4,74,22800000
5,12,3,85.7,74,43900000
4,12,3,83.5,74,42800000
4,7,3,110.0,74,47000000
5,12,3,85.0,74,43500000
16,30,3,130.0,74,53300000
5,12,3,83.67,74,42900000
7,9,3,78.0,74,25300000
3,6,3,90.4,74,38100000
1,6,3,63.4,74,22800000
3,9,1,30.3,75,8600000
6,9,1,35.0,75,10000000
6,9,1,26.9,75,7700000
1,9,1,34.9,75,8600000
9,9,1,35.3,75,10200000
4,9,1,26.8,75,7600000
4,9,1,36.1,75,10300000
1,9,1,29.8,75,7400000
5,9,1,36.1,75,10300000
9,9,1,36.5,75,10600000
8,9,1,37.0,75,10600000
7,9,1,36.9,75,10500000
4,9,1,36.0,75,10300000
9,9,1,35.9,75,10400000
7,9,1,36.3,75,10400000
5,9,1,26.8,75,7600000
3,8,1,38.4,75,10400000
3,17,1,34.4,75,10700000
8,12,1,36.9,75,10400000
9,9,1,42.0,75,15100000
6,9,1,35.0,75,10000000
12,12,2,48.0,75,12700000
3,5,2,44.7,75,12000000
2,9,2,43.0,75,11600000
13,15,2,61.0,75,16200000
8,12,3,80.2,75,20500000
3,14,3,64.0,75,15300000
5,14,3,80.6,75,20100000
8,12,3,80.2,75,20500000
3,14,3,64.0,75,15300000
5,14,3,80.6,75,20100000
12,12,2,48.0,75,12700000
3,5,2,44.7,75,12000000
2,9,2,43.0,75,11600000
13,15,2,61.0,75,16200000
7,17,2,57.5,75,18200000
5,5,1,30.7,76,12400000
5,8,2,44.7,76,14400000
2,4,2,136.6,76,70000000
2,8,2,97.1,76,44000000
2,13,2,55.7,76,15300000
6,9,4,176.0,76,78100000
19,22,3,114.7,76,58900000
9,18,3,85.2,76,65400000
2,8,3,76.2,76,20700000
14,16,3,64.7,76,20300000
6,9,3,76.5,76,33500000
19,22,3,114.7,76,58900000
9,18,3,85.2,76,65400000
2,8,3,76.2,76,20700000
14,16,3,64.7,76,20300000
5,8,2,44.7,76,14400000
2,4,2,136.6,76,70000000
2,8,2,97.1,76,44000000
2,13,2,55.7,76,15300000
4,9,1,34.2,77,11100000
3,17,1,38.0,77,10300000
3,9,1,32.5,77,8500000
1,9,1,35.5,77,10200000
6,16,1,38.1,77,11600000
6,16,1,38.0,77,11600000
2,14,1,41.0,77,12400000
7,12,2,52.3,77,14500000
7,12,2,52.3,77,14500000
7,12,1,35.0,78,9700000
5,17,1,38.0,78,10500000
3,12,1,38.6,78,10400000
9,9,1,33.1,78,9600000
7,10,1,38.2,78,11300000
4,12,2,45.6,78,12800000
9,9,2,50.5,78,13100000
13,16,2,50.3,78,12800000
9,9,3,59.0,78,13700000
9,9,3,59.0,78,13700000
4,12,2,45.6,78,12800000
13,16,2,50.3,78,12800000
2,12,1,35.2,79,13100000
8,9,2,39.0,79,13700000
28,30,4,200.0,79,77300000
22,23,3,163.0,79,61400000
12,25,3,100.0,79,42100000
12,13,3,64.2,79,24000000
22,23,3,163.0,79,61400000
12,25,3,100.0,79,42100000
12,13,3,64.2,79,24000000
8,9,2,39.0,79,13700000
15,22,1,17.3,80,6300000
13,22,1,18.0,80,6600000
16,22,1,19.8,80,7300000
11,22,1,21.3,80,7800000
15,22,1,20.3,80,7400000
13,22,1,20.9,80,7700000
13,22,1,17.6,80,6400000
7,28,1,56.3,80,28000000
7,16,2,53.6,80,17200000
11,24,2,63.0,80,30800000
10,16,2,54.1,80,18500000
8,16,2,70.8,80,26500000
8,16,2,70.8,80,26500000
3,9,2,44.3,80,14400000
4,9,2,45.0,80,16000000
8,23,4,106.0,80,72900000
8,25,3,104.0,80,35500000
14,16,3,75.0,80,24100000
17,28,3,75.0,80,39700000
8,25,3,104.0,80,35500000
14,16,3,75.0,80,24100000
7,16,2,53.6,80,17200000
11,24,2,63.0,80,30800000
10,16,2,54.1,80,18500000
8,16,2,70.8,80,26500000
8,16,2,70.8,80,26500000
3,9,2,44.3,80,14400000
4,9,2,45.0,80,16000000
1,9,1,23.0,81,7300000
3,14,1,38.5,81,12400000
12,12,1,32.1,81,10900000
8,9,1,35.0,81,10700000
5,9,1,32.8,81,10900000
6,9,2,45.0,81,16500000
14,15,2,37.8,81,11400000
14,14,2,47.0,81,16000000
17,25,4,91.0,81,26800000
16,22,4,97.7,81,30600000
1,9,3,60.2,81,15100000
4,9,3,63.4,81,17200000
4,14,3,64.1,81,16700000
1,9,3,60.2,81,15100000
4,9,3,63.4,81,17200000
4,14,3,64.1,81,16700000
6,9,2,45.0,81,16500000
14,15,2,37.8,81,11400000
14,14,2,47.0,81,16000000
6,18,1,40.9,82,16000000
2,8,2,55.1,82,19400000
5,8,2,54.5,82,19400000
6,18,2,66.7,82,49500000
3,22,2,43.0,82,27800000
9,17,2,57.0,82,21800000
9,17,2,56.5,82,21700000
13,18,2,87.2,82,64800000
8,9,2,43.1,82,15200000
2,10,4,94.0,82,36200000
4,5,4,165.3,82,93700000
13,14,3,74.0,82,29600000
5,5,3,174.6,82,91500000
7,9,3,77.0,82,33700000
4,6,3,110.0,82,65300000
1,5,3,53.0,82,15600000
13,14,3,74.0,82,29600000
5,5,3,174.6,82,91500000
7,9,3,77.0,82,33700000
4,6,3,110.0,82,65300000
1,5,3,53.0,82,15600000
2,8,2,55.1,82,19400000
5,8,2,54.5,82,19400000
6,18,2,66.7,82,49500000
3,22,2,43.0,82,27800000
9,17,2,57.0,82,21800000
9,17,2,56.5,82,21700000
13,18,2,87.2,82,64800000
8,9,2,43.1,82,15200000
2,14,2,54.4,82,17900000
11,14,2,55.0,82,22300000
29,37,2,54.0,82,24900000
17,23,1,33.8,83,12900000
1,12,1,32.6,83,8600000
6,23,2,55.7,83,12300000
11,14,2,40.5,83,9900000
22,22,3,63.0,83,22400000
22,22,3,83.0,83,29500000
8,9,3,58.4,83,15200000
4,9,3,59.7,83,16700000
22,22,3,63.0,83,22400000
22,22,3,83.0,83,29500000
8,9,3,58.4,83,15200000
4,9,3,59.7,83,16700000
6,23,2,55.7,83,12300000
11,14,2,40.5,83,9900000
14,23,2,61.0,83,22300000
13,18,1,35.7,84,13700000
5,12,2,52.0,84,14200000
8,9,2,47.6,84,13700000
8,9,4,147.1,84,43000000
1,17,3,80.7,84,19900000
19,24,3,86.0,84,25200000
1,17,3,80.7,84,19900000
19,24,3,86.0,84,25200000
5,12,2,52.0,84,14200000
8,9,2,47.6,84,13700000
22,33,3,58.0,85,20500000
12,24,3,84.4,85,25200000
19,24,3,80.0,85,26700000
22,33,3,58.0,85,20500000
12,24,3,84.4,85,25200000
19,24,3,80.0,85,26700000
1,9,1,18.0,86,5900000
5,5,1,32.0,86,10500000
10,18,2,60.5,86,19100000
12,12,3,70.0,86,19100000
12,12,3,70.0,86,19100000
10,18,2,60.5,86,19100000
6,16,1,31.0,87,7600000
10,17,1,39.3,87,10100000
2,9,2,64.9,87,17800000
2,9,2,64.9,87,17800000
15,17,1,37.9,88,11900000
7,12,2,55.0,88,15800000
3,5,2,45.3,88,13100000
6,9,2,37.0,88,11000000
6,9,2,37.0,88,10500000
6,9,2,37.0,88,10500000
5,9,2,55.0,88,15300000
7,12,2,55.0,88,15800000
3,5,2,45.3,88,13100000
6,9,2,37.0,88,11000000
6,9,2,37.0,88,10500000
6,9,2,37.0,88,10500000
5,9,2,55.0,88,15300000
6,9,1,32.0,89,8400000
1,5,1,29.8,91,9000000
4,6,2,78.4,91,23400000
2,5,2,43.9,91,11400000
6,10,2,63.9,91,17100000
4,6,2,78.4,91,23400000
2,5,2,43.9,91,11400000
6,10,2,63.9,91,17100000
12,17,1,36.6,92,8700000
11,13,1,37.0,92,8900000
9,17,1,40.0,92,10000000
7,14,3,75.0,92,16700000
7,14,3,75.0,92,16700000
9,16,1,47.4,93,9700000
4,16,4,132.0,93,21600000
8,9,1,32.6,94,9400000
5,9,1,32.5,94,9900000
3,9,2,45.0,94,11700000
9,17,2,60.0,94,15800000
3,9,2,45.0,94,11700000
9,17,2,60.0,94,15800000
16,17,1,34.0,95,8500000
18,24,1,35.0,95,11000000
12,14,2,38.7,95,9000000
8,20,2,62.5,95,12300000
12,16,2,52.5,95,13000000
10,18,4,101.2,95,22400000
11,20,4,109.88,95,23900000
8,20,3,92.67,95,19800000
8,20,3,92.67,95,19800000
12,14,2,38.7,95,9000000
8,20,2,62.5,95,12300000
12,16,2,52.5,95,13000000
5,45,2,79.5,95,18300000
9,14,1,39.1,96,10400000
8,14,1,40.8,96,10700000
14,17,1,37.7,97,11400000
16,16,1,42.2,98,11400000
11,12,1,37.0,98,10300000
4,12,3,61.0,98,15500000
4,12,3,61.0,98,15500000
14,17,1,40.2,99,9200000
16,17,2,53.5,99,13400000
14,16,3,67.4,99,14600000
14,16,3,67.4,99,14600000
16,17,2,53.5,99,13400000
10,17,1,38.8,100,11200000
25,25,1,44.0,100,16700000
8,12,1,38.7,100,10200000
14,25,1,36.7,100,10700000
9,14,2,54.2,100,16600000
6,17,2,53.9,100,15400000
9,14,2,54.2,100,16600000
6,17,2,53.9,100,15400000
3,25,1,43.1,101,10500000
4,19,1,37.7,101,9000000
6,16,1,34.7,102,10600000
20,23,1,49.0,102,29400000
5,9,1,33.0,102,10000000
6,9,1,33.5,102,11400000
11,24,1,38.3,102,11400000
13,16,1,37.0,102,11700000
19,22,1,38.5,102,10600000
10,12,2,40.0,102,11600000
28,30,2,68.9,102,26400000
30,30,2,56.8,102,21700000
12,16,2,54.0,102,16700000
19,25,2,62.2,102,23500000
7,23,2,50.0,102,26200000
6,9,2,42.3,102,13800000
5,12,2,46.1,102,13500000
21,25,4,140.0,102,46400000
21,29,4,114.0,102,46100000
9,21,4,200.0,102,63400000
21,26,4,140.0,102,39900000
6,15,4,147.0,102,39900000
30,30,4,129.8,102,48600000
5,5,3,73.0,102,20300000
17,23,3,61.7,102,25100000
4,17,3,152.0,102,56600000
3,16,3,75.0,102,24500000
5,5,3,73.0,102,20300000
17,23,3,61.7,102,25100000
4,17,3,152.0,102,56600000
3,16,3,75.0,102,24500000
10,12,2,40.0,102,11600000
28,30,2,68.9,102,26400000
30,30,2,56.8,102,21700000
10,24,2,62.0,102,16400000
12,16,2,54.0,102,16700000
19,25,2,62.2,102,23500000
7,23,2,50.0,102,26200000
6,9,2,42.3,102,13800000
5,12,2,46.1,102,13500000
21,31,2,50.9,102,19500000
9,15,2,38.9,102,20200000
16,20,2,51.4,102,23700000
9,16,1,38.1,103,12300000
1,16,1,37.8,103,11800000
10,16,1,39.5,103,13700000
8,12,2,45.5,103,14700000
4,20,3,118.0,103,35100000
7,29,3,95.9,103,48100000
8,9,3,51.0,103,15600000
4,20,3,118.0,103,35100000
7,29,3,95.9,103,48100000
8,9,3,51.0,103,15600000
8,12,2,45.5,103,14700000
5,17,1,38.0,104,10300000
6,9,1,32.7,104,9600000
7,25,2,70.0,104,19200000
2,9,2,44.0,104,11500000
3,20,2,44.0,104,16400000
2,22,3,61.6,104,17600000
6,21,3,102.0,104,22100000
2,22,3,61.6,104,17600000
6,21,3,102.0,104,22100000
7,25,2,70.0,104,19200000
2,9,2,44.0,104,11500000
3,20,2,44.0,104,16400000
8,16,1,43.0,105,12400000
4,5,1,33.5,105,9200000
4,9,2,46.0,105,12600000
12,16,2,52.0,105,14500000
7,9,2,45.2,105,11800000
7,9,2,52.2,105,15800000
3,12,3,63.1,105,16900000
7,9,3,57.6,105,15100000
3,12,3,63.1,105,16900000
7,9,3,57.6,105,15100000
4,9,2,46.0,105,12600000
12,16,2,52.0,105,14500000
7,9,2,45.2,105,11800000
7,9,2,52.2,105,15800000
10,16,2,69.0,105,22800000
7,9,1,32.0,106,10200000
21,31,1,41.0,106,13500000
5,5,2,44.6,106,12200000
2,9,2,44.1,106,11600000
7,17,3,79.2,106,23100000
7,17,3,79.2,106,23100000
5,5,2,44.6,106,12200000
2,9,2,44.1,106,11600000
10,31,2,62.0,106,19000000
5,9,1,32.9,107,11600000
4,8,2,60.3,107,27400000
2,18,2,120.3,107,48400000
1,18,2,122.4,107,47800000
7,8,2,69.0,107,25100000
7,9,2,39.0,107,13600000
8,9,2,45.4,107,16100000
3,18,4,161.6,107,65600000
6,18,4,121.9,107,49500000
6,10,4,180.0,107,55000000
3,18,4,161.6,107,65600000
3,18,4,184.5,107,74900000
15,23,3,120.0,107,52300000
5,17,3,82.0,107,35200000
3,18,3,184.5,107,72600000
4,24,3,75.4,107,32200000
4,22,3,114.0,107,47000000
5,10,3,68.7,107,23000000
3,8,3,93.0,107,33700000
5,8,3,81.0,107,31100000
7,8,3,78.0,107,34300000
5,15,3,106.0,107,37200000
15,23,3,120.0,107,52300000
5,17,3,82.0,107,35200000
3,18,3,184.5,107,72600000
4,24,3,75.4,107,32200000
4,22,3,114.0,107,47000000
5,10,3,68.7,107,23000000
3,8,3,93.0,107,33700000
5,8,3,81.0,107,31100000
7,8,3,78.0,107,34300000
4,8,2,60.3,107,27400000
2,18,2,120.3,107,48400000
1,18,2,122.4,107,47800000
7,8,2,69.0,107,25100000
7,9,2,39.0,107,13600000
8,9,2,45.4,107,16100000
8,9,2,58.5,107,20200000
8,8,2,48.2,107,20000000
4,18,2,108.3,107,44800000
6,18,2,121.9,107,50400000
2,17,1,37.6,108,13800000
5,12,2,38.2,108,11600000
4,4,2,29.0,108,9300000
6,22,2,57.3,108,19500000
5,12,2,38.2,108,11600000
4,4,2,29.0,108,9300000
6,22,2,57.3,108,19500000
12,17,2,53.4,108,18300000
11,21,1,42.0,109,16200000
11,21,2,44.9,109,15600000
5,15,4,122.7,109,55200000
34,39,3,100.0,109,50300000
5,7,3,130.0,109,66500000
2,5,3,81.6,109,32200000
34,39,3,100.0,109,50300000
5,7,3,130.0,109,66500000
2,5,3,81.6,109,32200000
11,21,2,44.9,109,15600000
11,21,2,70.6,109,24600000
1,4,2,100.0,109,28700000
6,24,1,63.0,110,22800000
11,15,2,81.1,110,34600000
2,7,4,248.0,110,107200000
4,4,4,212.7,110,115100000
15,24,4,125.5,110,35200000
3,16,3,73.0,110,24700000
2,7,3,101.5,110,48100000
3,16,3,73.0,110,24700000
2,7,3,101.5,110,48100000
11,15,2,81.1,110,34600000
1,5,1,31.0,112,7000000
3,3,1,53.0,112,10800000
1,5,1,36.7,113,7100000
2,4,2,51.4,113,9500000
3,4,2,54.2,113,10200000
2,4,2,51.4,113,9500000
3,4,2,54.2,113,10200000
6,6,1,29.5,114,6700000
5,5,1,10.0,114,9400000
6,9,2,38.0,114,12700000
16,19,4,220.9,114,72600000
1,5,3,67.0,114,15600000
11,15,3,123.0,114,37300000
1,5,3,67.0,114,15600000
6,9,2,38.0,114,12700000
16,16,2,52.6,114,14400000
1,14,1,35.0,115,10400000
31,58,2,57.3,115,32300000
33,59,2,56.8,115,32000000
9,9,2,35.0,115,14100000
5,59,4,142.7,115,82900000
4,59,4,138.0,115,80100000
41,50,3,101.0,115,44900000
17,58,3,89.0,115,48900000
5,58,3,67.0,115,36800000
41,50,3,101.0,115,44900000
17,58,3,89.0,115,48900000
5,58,3,67.0,115,36800000
31,58,2,57.3,115,32300000
33,59,2,56.8,115,32000000
9,9,2,35.0,115,14100000
6,12,2,46.7,115,18100000
5,58,2,67.0,115,35500000
36,58,2,56.3,115,31800000
7,16,1,34.5,117,8300000
3,14,2,60.0,117,13200000
3,14,2,60.0,117,13200000
15,17,1,38.5,118,10300000
5,22,4,101.0,118,23300000
1,4,3,83.3,118,24500000
2,14,3,72.0,118,20100000
1,4,3,83.3,118,24500000
2,14,3,72.0,118,20100000
3,16,1,35.0,119,10700000
5,9,2,44.5,119,12200000
5,9,3,60.0,119,16900000
5,9,3,60.0,119,16900000
5,9,2,44.5,119,12200000
10,17,1,37.0,120,11300000
4,14,1,38.8,120,10300000
3,16,1,36.8,120,10600000
2,12,2,45.0,120,12800000
13,17,2,53.8,120,14400000
13,14,2,45.0,120,14200000
11,12,2,48.8,120,13100000
2,9,3,58.0,120,15300000
3,9,3,63.7,120,16300000
2,9,3,58.0,120,15300000
3,9,3,63.7,120,16300000
2,12,2,45.0,120,12800000
13,17,2,53.8,120,14400000
13,14,2,45.0,120,14200000
11,12,2,48.8,120,13100000
3,3,1,38.4,121,9800000
6,9,1,32.6,122,10900000
4,7,2,66.3,122,17600000
5,12,2,41.0,122,13000000
7,9,2,41.0,122,15100000
7,9,3,71.0,122,24100000
4,5,3,55.3,122,16400000
11,12,3,65.5,122,18000000
2,5,3,74.0,122,19800000
7,9,3,71.0,122,24100000
4,5,3,55.3,122,16400000
11,12,3,65.5,122,18000000
2,5,3,74.0,122,19800000
4,7,2,66.3,122,17600000
5,12,2,41.0,122,13000000
7,9,2,41.0,122,15100000
20,24,2,42.0,122,16000000
11,14,3,65.2,125,15900000
11,14,3,64.4,125,15700000
11,14,3,65.2,125,15900000
11,14,3,64.4,125,15700000
12,12,2,49.9,126,13900000
2,9,2,45.0,126,14600000
9,12,2,45.0,126,12900000
9,12,2,51.0,126,15200000
3,9,4,62.7,126,15000000
4,9,3,57.8,126,14700000
4,9,3,60.0,126,15100000
3,9,3,57.9,126,16000000
6,9,3,58.5,126,17900000
8,9,3,49.6,126,13600000
3,16,3,72.0,126,23000000
3,17,3,76.1,126,24700000
4,9,3,57.8,126,14700000
4,9,3,60.0,126,15100000
3,9,3,57.9,126,16000000
6,9,3,58.5,126,17900000
8,9,3,49.6,126,13600000
3,16,3,72.0,126,23000000
3,17,3,76.1,126,24700000
12,12,2,49.9,126,13900000
2,9,2,45.0,126,14600000
9,12,2,45.0,126,12900000
9,12,2,51.0,126,15200000
34,47,4,87.0,127,37100000
20,23,3,95.2,127,30400000
4,9,3,70.5,127,20500000
13,47,3,68.0,127,31400000
20,23,3,95.2,127,30400000
4,9,3,70.5,127,20500000
13,47,3,68.0,127,31400000
7,7,2,54.0,127,18000000
19,48,2,53.3,127,23200000
15,18,4,100.3,128,30200000
4,6,3,115.4,128,31700000
4,6,3,115.4,128,31700000
1,5,3,53.4,132,14200000
15,17,3,75.6,132,16100000
1,5,3,53.4,132,14200000
15,17,3,75.6,132,16100000
11,12,2,46.9,133,13000000
9,9,3,59.0,133,15000000
9,9,3,59.0,133,15000000
11,12,2,46.9,133,13000000
11,29,2,60.4,133,21000000
6,14,2,43.0,134,13200000
9,9,2,45.2,134,13500000
3,9,3,56.0,134,14500000
3,9,3,56.0,134,14500000
6,14,2,43.0,134,13200000
9,9,2,45.2,134,13500000
11,22,2,60.0,134,20000000
2,41,2,94.2,134,33300000
2,14,2,50.4,135,13800000
16,17,3,71.4,135,16600000
3,17,3,77.2,135,19000000
16,17,3,71.4,135,16600000
3,17,3,77.2,135,19000000
2,14,2,50.4,135,13800000
4,12,2,40.0,136,13600000
22,25,2,49.9,136,20100000
3,4,3,83.0,136,21700000
3,4,3,83.0,136,21700000
4,12,2,40.0,136,13600000
22,25,2,49.9,136,20100000
5,9,2,38.0,137,12000000
1,14,2,38.4,137,11200000
12,14,3,83.0,137,20500000
12,14,3,83.0,137,20500000
5,9,2,38.0,137,12000000
1,14,2,38.4,137,11200000
17,22,2,63.0,137,20800000
3,9,2,41.2,138,21500000
2,10,2,54.0,138,12100000
2,10,2,54.0,138,12100000
6,25,2,56.4,140,14200000
6,25,2,56.4,140,14200000
6,16,2,53.6,141,15200000
6,12,2,58.0,141,15700000
6,16,2,53.6,141,15200000
6,12,2,58.0,141,15700000
5,6,2,59.1,142,25400000
6,21,2,41.0,142,43300000
6,8,2,94.0,142,127800000
3,9,2,41.2,142,21500000
5,6,2,59.1,142,25400000
6,8,2,94.0,142,127800000
